{
    "title.riotClient": "عميل Riot",
    "title.riotClientInstaller": "برنامج تثبيت عميل Riot",
    "title.riotClientProductInstaller": "برنامج تثبيت %1",
    "progress.installing": "يتم التثبيت",
    "progress.uninstalling": "تتم إزالة التثبيت",
    "progress.preparing": "يتم التحضير",
    "progress.repairing": "يتم الإصلاح",
    "progress.updating": "يتم التحديث",
    "progress.cleaning_up": "يتم التنظيف",
    "progress.copying_files": "يتم نسخ الملفات...",
    "progress.eta": "%02d:%02d",
    "progress.eta_long": "أكثر من 1 يوم",
    "progress.hours_abbr": "س",
    "progress.minutes_abbr": "د",
    "progress.seconds_abbr": "ث",
    "install_intro.advanced_options": "خيارات متقدمة",
    "install_intro.browse_install_folder": "اختيار موقع التثبيت",
    "install_intro.install": "تثبيت",
    "install_intro.install_path": "مسار التثبيت",
    "error.clickForLog": "انقر لرؤية السجل.",
    "error.exit": "خروج",
    "error.ok": "موافق",
    "error.restart": "إعادة المحاولة",
    "finished.finish": "تم",
    "finished.uninstall.title": "إزالة التثبيت بنجاح",
    "finished.uninstall.text": "تمت إزالة تثبيت اللعبة بنجاح.",
    "selfUpdateError.contactSupportLinkText": "تواصل مع خبراء دعم اللاعبين لدينا",
    "selfUpdateError.contactSupportLinkPublicUrl": "https://support.riotgames.com/hc/en-us/requests/new",
    "selfUpdateError.driveFull.header": "يبدو أنّ القرص ممتلئ",
    "selfUpdateError.driveFull.body": "لا تتوفر مساحة كافية على القرص لإكمال هذا الإجراء.",
    "selfUpdateError.repair.header": "الإصلاح ضروري",
    "selfUpdateError.repair.body": "بعض الملفات في هذا التثبيت تالفة أو ناقصة، ونحتاج إلى إصلاحها. في بعض الأحيان قد تحل المشكلة بإعادة تشغيل الجهاز. إذا استمرت المشكلة بعد إعادة تشغيل الجهاز، يرجى <link> حتى نتمكن من العمل معك على حلها.",
    "selfUpdateError.noInternet.header": "تعذّر العثور على اتصال شبكة",
    "selfUpdateError.noInternet.body": "تعذر الاتصال بالشبكة للحصول على تحديث مطلوب لتشغيل الألعاب. يرجى التحقق من إعدادات الشبكة لديك وإعادة المحاولة.",
    "selfUpdateError.couldNotUpdate.header": "تعذّر التحديث",
    "selfUpdateError.couldNotUpdate.body": "حدث خطأ ما في التحديث، حتى بعد الإصلاح. يرجى <link> للعمل على إيجاد حل لمشكلتك.",
    "selfUpdateError.declinedUAC.header": "تعذّر التثبيت",
    "selfUpdateError.declinedUAC.body": "للسماح لهذا التطبيق بإجراء تغييرات على جهازك، يرجى النقر على \"نعم\" عند طلب ذلك. إدا استمرت هذه المشكلة، يرجى التحقق من إعدادات نظام جهازك أو <link>.",
    "selfUpdateError.updateServerDown.header": "خادم التحديث غير متاح",
    "selfUpdateError.updateServerDown.body": "هممم، يبدو أن خوادمنا خارج الخدمة حاليًا، لذا لم نتمكن من الحصول على التحديث اللازم لتشغيل الألعاب. نعتذر عن ذلك ونعمل على حل هذه المشكلة في أسرع وقت ممكن. يرجى إعادة المحاولة لاحقًا.",
    "selfUpdateError.unableToAccess.header": "العملية قيد التشغيل بالفعل",
    "selfUpdateError.unableToAccess.body": "لم نتمكن من التثبيت بنجاح نظرًا لوجود عملية لعميل Riot قيد التشغيل. يرجى إغلاق جميع عمليات عميل Riot والمحاولة مجددًا.",
    "selfUpdateError.genericFailure.header": "تعذّر التثبيت",
    "selfUpdateError.genericFailure.body": "حدث خطأ ما أثناء التثبيت. يرجى المحاولة مرة أخرى. وإذا استمرت المشكلة، يرجى إعادة تشغيل جهازك، أو <link>.",
    "selfUpdateError.spaceAvailable": "المساحة المتوفرة: 1%",
    "shortcut.name": "عميل Riot",
    "waitForGamesToExit.title": "الألعاب قيد التشغيل",
    "waitForGamesToExit.body": "لا يمكنك الخروج من عميل Riot أثناء وجود لعبة قيد التشغيل. يرجى إغلاق ألعابك وإعادة المحاولة.",
    "waitForGameToExit.title": "برنامج %1 قيد التشغيل",
    "waitForGameToExit.body": "لا يمكنك الخروج من عميل Riot أثناء وجود لعبة قيد التشغيل. يرجى إغلاق برنامج %1 والمحاولة مجددًا.",
    "waitForGamesToExit.okay": "مقبولة",
    "waitForGamesToExit.exitOnGameClose": "أتريد الخروج عند إغلاق جميع الألعاب؟",
    "lifecycle.invalidLaunchTitle": "تشغيل غير صالح",
    "lifecycle.invalidLaunch": "لا يمكن تشغيل اللعبة بهذه الطريقة. يرجى تشغيل اللعبة بشكل مباشر.",
    "lifecycle.directLaunchDisabledTitle": "تعذر تشغيل اللعبة مباشرة",
    "lifecycle.directLaunchDisabled": "لا يمكن تشغيل اللعبة مباشرةً. يرجى بدء اللعبة باستخدام تطبيق التشغيل المناسب.",
    "systemTray.title": "Riot Games",
    "systemTray.allGames": "كل الألعاب",
    "systemTray.installGame": "تثبيت %1",
    "systemTray.restartForUpdates": "إعادة الإقلاع للتحديث",
    "systemTray.show": "عرض",
    "systemTray.showLogs": "عرض السجلات",
    "systemTray.settings": "الإعدادات",
    "systemTray.swagger": "Swagger",
    "systemTray.signOut": "تسجيل الخروج",
    "systemTray.signIn": "تسجيل الدخول",
    "systemTray.exit": "خروج",
    "uninstallError.couldNotFindProduct.header": "تعذر العثور على المنتج",
    "uninstallError.couldNotFindProduct.body": "تعذّر إلغاء التثبيت بسبب عدم العثور على المنتج. إذا استمرت هذه المشكلة، يرجى <link> للعمل على حل هذه المشكلة.",
    "uninstallError.couldNotUninstall.header": "تعذر إلغاء التثبيت",
    "uninstallError.couldNotUninstall.body": "طرأ خلل غير اعتيادي ولم نتمكّن من إتمام إلغاء التثبيت بنجاح. يرجى <link> للعمل على معالجة المشكلة.",
    "uninstallError.productIsRunning.header": "المنتج قيد التشغيل.",
    "uninstallError.productIsRunning.body": "تعذُّر إلغاء التثبيت نظرًا لأن المنتج لا يزال قيد التشغيل. يرجى إغلاق المنتج والمحاولة مجددًا.",
    "uninstallError.RiotClientIsRunning.header": "برنامج عميل RIOT قيد التشغيل",
    "uninstallError.RiotClientIsRunning.body": "تعذر إلغاء التثبيت نظرًا لأن برنامج عميل Riot لا يزال قيد التشغيل. يرجى إغلاق برنامج عميل Riot والمحاولة مجددًا.",
    "uninstall_intro.uninstall": "إلغاء التثبيت",
    "repairPermissions.error.header": "فشل عملية الإصلاح",
    "repairPermissions.error.body": "لم نتمكن من إصلاح تراخيص المجلد. قد تحتاج إلى التشغيل مع خيار إصلاح التراخيص باستخدام حساب مشرف (أدمن). إذا استمرت هذه المشكلة، يرجى <link> للعمل على حل هذه المشكلة.",
    "backgroundRunningModal.title": "ما يزال برنامج عميل Riot قيد التشغيل",
    "backgroundRunningModal.description": "سيستمر برنامج عميل Riot في العمل في حيّز أدوات النظام المصغرة كي تتمكن من تشغيل الألعاب بصورة أسرع. \n\nيمكنك تغيير ذلك في الإعدادات في أيّ وقت.",
    "uninstallError.productStillRemain.header": "تعذُّر إلغاء تثبيت برنامج عميل Riot",
    "uninstallError.productStillRemain.body": "قبل إلغاء تثبيت برنامج عميل Riot، يتعيّن عليك أولًا إلغاء تثبيت أي لعبة من ألعاب Riot موجودة على جهازك."
}
