{
    "title.riotClient": "Klient Riotu",
    "title.riotClientInstaller": "Instalační program klientu Riotu",
    "title.riotClientProductInstaller": "Instalační program %1",
    "progress.installing": "INSTALACE",
    "progress.uninstalling": "ODINSTALACE",
    "progress.preparing": "PŘÍPRAVA",
    "progress.repairing": "OPRAVA",
    "progress.updating": "AKTUALIZACE",
    "progress.cleaning_up": "BALÍME TO",
    "progress.copying_files": "Kopírování souborů...",
    "progress.eta": "%02d:%02d",
    "progress.eta_long": "Víc než 1 den",
    "progress.hours_abbr": "HOD.",
    "progress.minutes_abbr": "MIN.",
    "progress.seconds_abbr": "SEK.",
    "install_intro.advanced_options": "POKROČILÁ NASTAVENÍ",
    "install_intro.browse_install_folder": "Vyber místo instalace",
    "install_intro.install": "Instalovat",
    "install_intro.install_path": "INSTALAČNÍ CESTA",
    "error.clickForLog": "Kliknutím zobrazíš log.",
    "error.exit": "Odejít",
    "error.ok": "OK",
    "error.restart": "Opakovat",
    "finished.finish": "Hotovo",
    "finished.uninstall.title": "ODINSTALOVÁNÍ SE ZDAŘILO",
    "finished.uninstall.text": "Odinstalování hry proběhlo v pořádku.",
    "selfUpdateError.contactSupportLinkText": "kontaktuj mágy z naší hráčské podpory",
    "selfUpdateError.contactSupportLinkPublicUrl": "https://support.riotgames.com/hc/cs/requests/new",
    "selfUpdateError.driveFull.header": "DISK JE NEJSPÍŠ PLNÝ",
    "selfUpdateError.driveFull.body": "Na disku není dostatek volného místa pro dokončení této akce.",
    "selfUpdateError.repair.header": "JE VYŽADOVÁNA OPRAVA",
    "selfUpdateError.repair.body": "Některé soubory z této instalace jsou poškozené nebo nebyly nalezeny a je zapotřebí je opravit. Tento problém lze někdy vyřešit restartováním. Pokud se tato chyba objeví i po restartu, <link> a společně se pokusíme problém opravit.",
    "selfUpdateError.noInternet.header": "PŘIPOJENÍ NEBYLO NALEZENO",
    "selfUpdateError.noInternet.body": "Nepodařilo se nám připojit k internetu a získat aktualizaci, která je pro spuštění her zapotřebí. Zkontroluj prosím nastavení internetu a zkus to znovu.",
    "selfUpdateError.couldNotUpdate.header": "AKTUALIZACE SE NEZDAŘILA",
    "selfUpdateError.couldNotUpdate.body": "Během aktualizace se vyskytl problém a nepomohla ani oprava. Prosím, <link>, ať použijí své čáry máry a dají vše do pořádku.",
    "selfUpdateError.declinedUAC.header": "INSTALACI NELZE PROVÉST",
    "selfUpdateError.declinedUAC.body": "Až se zobrazí výzva, klikni na možnost Ano a povol tak této aplikaci provádět změny na tvém zařízení. Bude-li problém přetrvávat, zkontroluj nastavení systému nebo <link>.",
    "selfUpdateError.updateServerDown.header": "AKTUALIZAČNÍ SERVER JE MIMO PROVOZ",
    "selfUpdateError.updateServerDown.body": "Hmmm, naše servery jsou zřejmě momentálně mimo provoz, takže se nám nepodařilo získat aktualizaci, která je pro spuštění her zapotřebí. Omlouváme se a snažíme se tento problém co nejrychleji opravit. Zkus to později.",
    "selfUpdateError.unableToAccess.header": "PROCES JE JIŽ SPUŠTĚN",
    "selfUpdateError.unableToAccess.body": "Instalaci nebylo možné provést, jelikož proces klientu Riotu je již spuštěn. Vypni prosím všechny procesy klientu Riotu a zkus to znovu.",
    "selfUpdateError.genericFailure.header": "INSTALACI NELZE PROVÉST",
    "selfUpdateError.genericFailure.body": "Něco se během instalace pokazilo. Zkus to prosím znovu, a bude-li problém přetrvávat, restartuj svůj počítač nebo <link>.",
    "selfUpdateError.spaceAvailable": "DOSTUPNÉ MÍSTO: %1",
    "shortcut.name": "Klient Riotu",
    "waitForGamesToExit.title": "HRY BĚŽÍ",
    "waitForGamesToExit.body": "Klient Riotu nelze ukončit, když je spuštěná hra. Vypni hry a zkus to znovu.",
    "waitForGameToExit.title": "%1 BĚŽÍ",
    "waitForGameToExit.body": "Klient Riotu nelze ukončit, když je spuštěná hra. Vypni prosím %1 a zkus to znovu.",
    "waitForGamesToExit.okay": "OK",
    "waitForGamesToExit.exitOnGameClose": "Odejít po vypnutí všech her?",
    "lifecycle.invalidLaunchTitle": "Neplatný způsob spuštění",
    "lifecycle.invalidLaunch": "Tímto způsobem hru spustit nemůžeme. Spusť ji prosím napřímo.",
    "lifecycle.directLaunchDisabledTitle": "Hru nelze spustit napřímo",
    "lifecycle.directLaunchDisabled": "Hru nelze spustit napřímo. Použij příslušný spouštěcí program.",
    "systemTray.title": "Riot Games",
    "systemTray.allGames": "Všechny hry",
    "systemTray.installGame": "Nainstalovat %1",
    "systemTray.restartForUpdates": "Restartovat kvůli aktualizacím",
    "systemTray.show": "Zobrazit",
    "systemTray.showLogs": "Zobrazit logy",
    "systemTray.settings": "Nastavení",
    "systemTray.swagger": "Swagger",
    "systemTray.signOut": "Odhlásit se",
    "systemTray.signIn": "Přihlásit se",
    "systemTray.exit": "Odejít",
    "uninstallError.couldNotFindProduct.header": "PRODUKT NEBYL NALEZEN",
    "uninstallError.couldNotFindProduct.body": "Odinstalace neproběhla, jelikož produkt nebyl nalezen. Bude-li problém přetrvávat, <link>, kteří to s pomocí svých kouzel dají do pořádku.",
    "uninstallError.couldNotUninstall.header": "ODINSTALACI NELZE PROVÉST",
    "uninstallError.couldNotUninstall.body": "Došlo k nezvyklé chybě a nepodařilo se nám provést odinstalaci. Prosím, <link>, kteří to s pomocí svých kouzel dají do pořádku.",
    "uninstallError.productIsRunning.header": "PRODUKT BĚŽÍ",
    "uninstallError.productIsRunning.body": "Odinstalace neproběhla, jelikož produkt je momentálně spuštěný. Vypni jej a zkus to znovu.",
    "uninstallError.RiotClientIsRunning.header": "KLIENT RIOTU BĚŽÍ",
    "uninstallError.RiotClientIsRunning.body": "Odinstalace neproběhla, jelikož klient Riotu je stále spuštěný. Vypni klient Riotu a zkus to znovu.",
    "uninstall_intro.uninstall": "ODINSTALOVAT",
    "repairPermissions.error.header": "OPRAVA SE NEZDAŘILA",
    "repairPermissions.error.body": "Nejsme schopni opravit oprávnění ke složce. Možná budeš muset provést spuštění z administrátorského účtu s parametrem --repair-permissions. Bude-li problém přetrvávat, <link>, kteří to s pomocí svých kouzel dají do pořádku.",
    "backgroundRunningModal.title": "Klient Riotu stále běží",
    "backgroundRunningModal.description": "Klient Riotu poběží dál na hlavním panelu systému, aby bylo možné spouštět hry rychleji. \n\nTuto možnost můžeš kdykoliv změnit v nabídce Nastavení.",
    "uninstallError.productStillRemain.header": "Klient Riotu nelze odinstalovat.",
    "uninstallError.productStillRemain.body": "Před odinstalováním klientu Riotu budeš muset nejprve odinstalovat všechny hry od Riotu, které máš na počítači nainstalované."
}
