{
    "title.riotClient": "Riot Client",
    "title.riotClientInstaller": "Installationsprogramm für Riot Client",
    "title.riotClientProductInstaller": "Installationsprogramm für %1",
    "progress.installing": "INSTALLIERE",
    "progress.uninstalling": "DEINSTALLATION LÄUFT",
    "progress.preparing": "VORBEREITUNG LÄUFT",
    "progress.repairing": "REPARATUR LÄUFT",
    "progress.updating": "AKTUALISIERUNG LÄUFT",
    "progress.cleaning_up": "BEREINIGEN",
    "progress.copying_files": "Kopiere Dateien …",
    "progress.eta": "%02d:%02d",
    "progress.eta_long": "Über 1 Tag",
    "progress.hours_abbr": "STD",
    "progress.minutes_abbr": "MIN",
    "progress.seconds_abbr": "S",
    "install_intro.advanced_options": "ERWEITERTE OPTIONEN",
    "install_intro.browse_install_folder": "Installationspfad auswählen",
    "install_intro.install": "Installieren",
    "install_intro.install_path": "INSTALLATIONSPFAD",
    "error.clickForLog": "Klicke hier, um den Bericht zu sehen.",
    "error.exit": "Beenden",
    "error.ok": "OK",
    "error.restart": "Erneut versuchen",
    "finished.finish": "Fertig",
    "finished.uninstall.title": "DEINSTALLATION ABGESCHLOSSEN",
    "finished.uninstall.text": "Das Spiel wurde erfolgreich deinstalliert.",
    "selfUpdateError.contactSupportLinkText": "wende dich an die Zauberer unseres Spieler-Supports",
    "selfUpdateError.contactSupportLinkPublicUrl": "https://support.riotgames.com/hc/de/requests/new",
    "selfUpdateError.driveFull.header": "DIE FESTPLATTE IST VOLL",
    "selfUpdateError.driveFull.body": "Es ist nicht genug Speicherplatz vorhanden, um diese Aktion auszuführen.",
    "selfUpdateError.repair.header": "REPARATUR NÖTIG",
    "selfUpdateError.repair.body": "Einige Dateien dieser Installation sind beschädigt oder fehlen und wir müssen sie reparieren. Manchmal kann das Problem durch einen Neustart behoben werden. Sollte das Problem nach einem Neustart weiterhin bestehen, <link>, dann können wir dir helfen.",
    "selfUpdateError.noInternet.header": "KEINE INTERNETVERBINDUNG GEFUNDEN",
    "selfUpdateError.noInternet.body": "Es konnte keine Verbindung mit dem Internet hergestellt werden, um die Aktualisierung zu erhalten, die zum Spielen nötig ist. Bitte überprüfe deine Internetverbindung und versuche es erneut.",
    "selfUpdateError.couldNotUpdate.header": "AKTUALISIERUNG FEHLGESCHLAGEN",
    "selfUpdateError.couldNotUpdate.body": "Bei der Aktualisierung gab es ein Problem, das durch die Reparatur nicht behoben werden konnte. Bitte <link>, damit sie eine Lösung für dich finden.",
    "selfUpdateError.declinedUAC.header": "INSTALLATION FEHLGESCHLAGEN",
    "selfUpdateError.declinedUAC.body": "Erlaube der App, an deinem Gerät Änderungen vorzunehmen, indem du auf „Ja“ klickst, wenn du dazu aufgefordert wirst. Falls dieses Problem weiterhin besteht, überprüfe bitte deine Systemeinstellungen oder <link>.",
    "selfUpdateError.updateServerDown.header": "AKTUALISIERUNGSSERVER NICHT ERREICHBAR",
    "selfUpdateError.updateServerDown.body": "Hmm, unsere Server scheinen momentan nicht erreichbar zu sein und wir konnten eine erforderliche Aktualisierung für den Spielstart nicht durchführen. Wir entschuldigen uns und versuchen, das Problem so schnell wie möglich zu beheben. Bitte versuche es später noch einmal.",
    "selfUpdateError.unableToAccess.header": "PROZESS LÄUFT BEREITS",
    "selfUpdateError.unableToAccess.body": "Es ist keine erfolgreiche Installation möglich, während ein anderer Riot-Client-Prozess läuft. Bitte schließe alle Riot-Client-Prozesse und versuche es erneut.",
    "selfUpdateError.genericFailure.header": "INSTALLATION FEHLGESCHLAGEN",
    "selfUpdateError.genericFailure.body": "Etwas ist während der Installation schiefgelaufen. Bitte versuche es nochmal. Falls der Fehler weiterhin auftritt, starte deinen PC neu oder <link>.",
    "selfUpdateError.spaceAvailable": "VERFÜGBARER SPEICHER: %1",
    "shortcut.name": "Riot Client",
    "waitForGamesToExit.title": "SPIELE LAUFEN",
    "waitForGamesToExit.body": "Du kannst den Riot Client nicht verlassen, während ein Spiel ausgeführt wird. Bitte schließe deine Spiele und versuche es erneut.",
    "waitForGameToExit.title": "%1 LÄUFT",
    "waitForGameToExit.body": "Du kannst den Riot Client nicht verlassen, während ein Spiel ausgeführt wird. Bitte schließe %1 und versuche es noch einmal.",
    "waitForGamesToExit.okay": "OK",
    "waitForGamesToExit.exitOnGameClose": "Beenden, wenn alle Spiele geschlossen sind?",
    "lifecycle.invalidLaunchTitle": "Ungültiger Start",
    "lifecycle.invalidLaunch": "Wir können das Spiel auf diese Weise nicht starten. Bitte starte das Spiel direkt.",
    "lifecycle.directLaunchDisabledTitle": "Spiel kann nicht direkt gestartet werden.",
    "lifecycle.directLaunchDisabled": "Wir können das Spiel nicht direkt starten. Bitte starte das Spiel über den entsprechenden Launcher.",
    "systemTray.title": "Riot Games",
    "systemTray.allGames": "Alle Spiele",
    "systemTray.installGame": "%1 installieren",
    "systemTray.restartForUpdates": "Neustart für Aktualisierungen",
    "systemTray.show": "Anzeigen",
    "systemTray.showLogs": "Berichte zeigen",
    "systemTray.settings": "Einstellungen",
    "systemTray.swagger": "Swagger",
    "systemTray.signOut": "Abmelden",
    "systemTray.signIn": "Anmelden",
    "systemTray.exit": "Beenden",
    "uninstallError.couldNotFindProduct.header": "PRODUKT NICHT GEFUNDEN",
    "uninstallError.couldNotFindProduct.body": "Die Deinstallation konnte nicht abgeschlossen werden, da das Produkt nicht gefunden wurde. Wenn dieses Problem weiterhin auftritt, bitte <link>, damit wir uns um eine Lösung kümmern können.",
    "uninstallError.couldNotUninstall.header": "DEINSTALLATION NICHT MÖGLICH",
    "uninstallError.couldNotUninstall.body": "Ein unerwartetes Problem ist aufgetreten und wir konnten die Deinstallation nicht durchführen. Bitte <link>, damit wir uns um eine Lösung kümmern können.",
    "uninstallError.productIsRunning.header": "PRODUKT LÄUFT",
    "uninstallError.productIsRunning.body": "Die Deinstallation konnte nicht abgeschlossen werden, da das Produkt noch läuft. Bitte schließe das Produkt und versuche es erneut.",
    "uninstallError.RiotClientIsRunning.header": "RIOT CLIENT WIRD AUSGEFÜHRT",
    "uninstallError.RiotClientIsRunning.body": "Die Deinstallation konnte nicht abgeschlossen werden, weil der Riot Client noch ausgeführt wird. Bitte schließe den Riot Client und versuche es erneut.",
    "uninstall_intro.uninstall": "DEINSTALLIEREN",
    "repairPermissions.error.header": "REPARATUR FEHLGESCHLAGEN",
    "repairPermissions.error.body": "Wir konnten die Zugriffsberechtigungen auf Ordner nicht reparieren. Eventuell musst du dich mit einem Administratorkonto anmelden und den Befehl „--repair-permissions“ ausführen. Wenn dieses Problem weiterhin auftritt, bitte <link>, die sich um eine Lösung kümmern werden.",
    "backgroundRunningModal.title": "Riot Client wird weiter ausgeführt",
    "backgroundRunningModal.description": "Der Riot Client wird weiterhin in der Taskleiste ausgeführt, damit du Spiele schneller starten kannst. \n\nDas kannst du jederzeit in den Einstellungen ändern.",
    "uninstallError.productStillRemain.header": "Deinstallation des Riot Clients fehlgeschlagen.",
    "uninstallError.productStillRemain.body": "Bevor du den Riot Client deinstallieren kannst, musst du zuerst alle Spiele von Riot deinstallieren, die auf deinem Rechner installiert sind."
}
