{
    "title.riotClient": "Riot Client",
    "title.riotClientInstaller": "Riot Client Installer",
    "title.riotClientProductInstaller": "%1 Installer",
    "progress.installing": "INSTALLING",
    "progress.uninstalling": "UNINSTALLING",
    "progress.preparing": "PREPARING",
    "progress.repairing": "REPAIRING",
    "progress.updating": "UPDATING",
    "progress.cleaning_up": "TIDYING UP",
    "progress.copying_files": "Copying Files...",
    "progress.eta": "%02d:%02d",
    "progress.eta_long": "More than 1 day",
    "progress.hours_abbr": "HR",
    "progress.minutes_abbr": "MIN",
    "progress.seconds_abbr": "S",
    "install_intro.advanced_options": "ADVANCED OPTIONS",
    "install_intro.browse_install_folder": "Select install location",
    "install_intro.install": "Install",
    "install_intro.install_path": "INSTALL PATH",
    "error.clickForLog": "Click to see log.",
    "error.exit": "Exit",
    "error.ok": "OK",
    "error.restart": "Retry",
    "finished.finish": "Done",
    "finished.uninstall.title": "UNINSTALL SUCCESSFUL",
    "finished.uninstall.text": "The game has been successfully uninstalled.",
    "selfUpdateError.contactSupportLinkText": "contact our player support wizards",
    "selfUpdateError.contactSupportLinkPublicUrl": "https://support.riotgames.com/hc/en-us/requests/new",
    "selfUpdateError.driveFull.header": "THE DRIVE LOOKS FULL",
    "selfUpdateError.driveFull.body": "There is not enough disk space to complete this action.",
    "selfUpdateError.repair.header": "REPAIR NEEDED",
    "selfUpdateError.repair.body": "Some files in this installation are corrupted or missing and we need to fix them. Sometimes restarting can address the issue. If you keep getting the issue after restarting, please <link> and we can work with you to fix this.",
    "selfUpdateError.noInternet.header": "NO INTERNET FOUND",
    "selfUpdateError.noInternet.body": "We weren't able to connect to the internet to get an update that is required to play games. Please check your internet settings and try again.",
    "selfUpdateError.couldNotUpdate.header": "COULDN'T UPDATE",
    "selfUpdateError.couldNotUpdate.body": "Something went wrong with the update, even after repairing. Please <link> so they can work their magic to get you a fix.",
    "selfUpdateError.declinedUAC.header": "UNABLE TO INSTALL",
    "selfUpdateError.declinedUAC.body": "To allow this app to make changes to your device, click yes when prompted. If this issue continues please check your system settings or <link>.",
    "selfUpdateError.updateServerDown.header": "UPDATE SERVER DOWN",
    "selfUpdateError.updateServerDown.body": "Hmmm, our servers seem to be down at the moment and we weren't able to get an update required to launch games. We are sorry and are trying to resolve this issue as quickly as possible. Please try again later.",
    "selfUpdateError.unableToAccess.header": "PROCESS ALREADY RUNNING",
    "selfUpdateError.unableToAccess.body": "We were unable to successfully install while a Riot Client Process is already running. Please close all Riot Client processes and try again.",
    "selfUpdateError.genericFailure.header": "UNABLE TO INSTALL",
    "selfUpdateError.genericFailure.body": "Something went wrong during installation. Please try again, and if the error persists restart your computer or <link>.",
    "selfUpdateError.spaceAvailable": "SPACE AVAILABLE: %1",
    "shortcut.name": "Riot Client",
    "waitForGamesToExit.title": "GAMES ARE RUNNING",
    "waitForGamesToExit.body": "You cannot exit Riot Client while a game is running. Please close your games and try again.",
    "waitForGameToExit.title": "%1 IS RUNNING",
    "waitForGameToExit.body": "You cannot exit Riot Client while a game is running. Please close %1 and try again.",
    "waitForGamesToExit.okay": "Okay",
    "waitForGamesToExit.exitOnGameClose": "Exit when all games are closed?",
    "lifecycle.invalidLaunchTitle": "Invalid launch",
    "lifecycle.invalidLaunch": "We can't launch the game this way. Please launch the game directly.",
    "lifecycle.directLaunchDisabledTitle": "Unable to launch game directly",
    "lifecycle.directLaunchDisabled": "We can't launch the game directly. Please start the game through the appropriate launcher.",
    "systemTray.title": "Riot Games",
    "systemTray.allGames": "All Games",
    "systemTray.installGame": "Install %1",
    "systemTray.restartForUpdates": "Restart for Updates",
    "systemTray.show": "Show",
    "systemTray.showLogs": "Show Logs",
    "systemTray.settings": "Settings",
    "systemTray.swagger": "Swagger",
    "systemTray.signOut": "Sign Out",
    "systemTray.signIn": "Sign In",
    "systemTray.exit": "Exit",
    "uninstallError.couldNotFindProduct.header": "COULD NOT FIND PRODUCT",
    "uninstallError.couldNotFindProduct.body": "We could not uninstall because the product was not found. If you continue to experience this problem, please <link> who can work their magic to fix this.",
    "uninstallError.couldNotUninstall.header": "COULD NOT UNINSTALL",
    "uninstallError.couldNotUninstall.body": "Something unusual has happened and we were unable to successfully uninstall. Please <link> who can work their magic to fix this.",
    "uninstallError.productIsRunning.header": "PRODUCT IS RUNNING",
    "uninstallError.productIsRunning.body": "We could not uninstall because the product is still running. Please close the product and try again.",
    "uninstallError.RiotClientIsRunning.header": "RIOT CLIENT IS RUNNING",
    "uninstallError.RiotClientIsRunning.body": "We could not uninstall because Riot Client is still running. Please close Riot Client and try again.",
    "uninstall_intro.uninstall": "UNINSTALL",
    "repairPermissions.error.header": "REPAIR FAILED",
    "repairPermissions.error.body": "We were not able to repair folder permissions. You may need to run with --repair-permissions using an Administrator account. If you continue to experience this problem, please <link> who can work their magic to fix this.",
    "backgroundRunningModal.title": "Riot Client is Still Running",
    "backgroundRunningModal.description": "Riot Client will keep running in your system tray so you can launch games faster. \n\nYou can change this in Settings anytime.",
    "uninstallError.productStillRemain.header": "Unable to uninstall Riot Client",
    "uninstallError.productStillRemain.body": "Before uninstalling Riot Client, you’ll first need to uninstall any Riot Games that are installed on your machine."
}
