{
    "title.riotClient": "Cliente de Riot",
    "title.riotClientInstaller": "Instalador del cliente de Riot",
    "title.riotClientProductInstaller": "Instalador de %1",
    "progress.installing": "INSTALANDO",
    "progress.uninstalling": "DESINSTALANDO",
    "progress.preparing": "PREPARANDO",
    "progress.repairing": "REPARANDO",
    "progress.updating": "ACTUALIZANDO",
    "progress.cleaning_up": "ORGANIZANDO",
    "progress.copying_files": "Copiando archivos",
    "progress.eta": "%02d:%02d",
    "progress.eta_long": "Más de 1 día",
    "progress.hours_abbr": "H",
    "progress.minutes_abbr": "M",
    "progress.seconds_abbr": "S",
    "install_intro.advanced_options": "OPCIONES AVANZADAS",
    "install_intro.browse_install_folder": "Selecciona la ubicación de la instalación.",
    "install_intro.install": "Instalar",
    "install_intro.install_path": "RUTA DE INSTALACIÓN",
    "error.clickForLog": "Haz clic para ver el registro.",
    "error.exit": "Salir",
    "error.ok": "Aceptar",
    "error.restart": "Reintentar",
    "finished.finish": "Listo",
    "finished.uninstall.title": "DESINSTALACIÓN FINALIZADA",
    "finished.uninstall.text": "El juego se desinstaló correctamente.",
    "selfUpdateError.contactSupportLinkText": "ponte en contacto con nuestros magos de Soporte al jugador",
    "selfUpdateError.contactSupportLinkPublicUrl": "https://support.riotgames.com/hc/es-419/requests/new",
    "selfUpdateError.driveFull.header": "EL DISCO PARECE ESTAR LLENO",
    "selfUpdateError.driveFull.body": "No hay suficiente espacio en el disco para completar esta acción.",
    "selfUpdateError.repair.header": "SE REQUIERE REPARACIÓN",
    "selfUpdateError.repair.body": "Faltan algunos archivos de instalación o están corrompidos. Es necesario restaurarlos. A veces, reiniciar sirve para corregir el problema. Si sigues teniendo este problema después de reiniciar, haz clic en este enlace <link> y trabajaremos juntos para resolverlo.",
    "selfUpdateError.noInternet.header": "NO SE ENCONTRÓ UNA RED DE INTERNET",
    "selfUpdateError.noInternet.body": "No pudimos conectarnos a Internet para obtener la actualización necesaria para jugar. Revisa tu configuración de Internet e inténtalo de nuevo.",
    "selfUpdateError.couldNotUpdate.header": "NO SE PUDO ACTUALIZAR",
    "selfUpdateError.couldNotUpdate.body": "Ocurrió un error con la actualización, incluso después de la reparación. Visita <link> para que puedan ayudarte con su magia a resolver tu problema.",
    "selfUpdateError.declinedUAC.header": "NO SE PUDO REALIZAR LA INSTALACIÓN",
    "selfUpdateError.declinedUAC.body": "Haz clic en ''Sí'' cuando se te pida para permitir que la aplicación realice cambios en tu dispositivo. Si este problema continúa, revisa la configuración de tu sistema o visita <link>.",
    "selfUpdateError.updateServerDown.header": "SERVIDOR DE ACTUALIZACIONES NO DISPONIBLE",
    "selfUpdateError.updateServerDown.body": "Mmm, parece que nuestros servidores no están disponibles por el momento y no fue posible descargar la actualización necesaria para ejecutar los juegos. Lo sentimos, estamos intentando resolver este problema lo más rápido posible. Inténtalo de nuevo más tarde.",
    "selfUpdateError.unableToAccess.header": "YA HAY UN PROCESO EN EJECUCIÓN",
    "selfUpdateError.unableToAccess.body": "No pudimos realizar la instalación correctamente mientras se esté ejecutando un proceso del cliente de Riot. Cierra todos los procesos del cliente de Riot e inténtalo de nuevo.",
    "selfUpdateError.genericFailure.header": "NO SE PUDO REALIZAR LA INSTALACIÓN",
    "selfUpdateError.genericFailure.body": "Ocurrió un error durante la instalación. Inténtalo de nuevo, y si el error persiste, reinicia tu computadora o visita <link>.",
    "selfUpdateError.spaceAvailable": "ESPACIO DISPONIBLE: %1",
    "shortcut.name": "Cliente de Riot",
    "waitForGamesToExit.title": "HAY JUEGOS EJECUTÁNDOSE",
    "waitForGamesToExit.body": "No puedes salir del cliente de Riot si hay un juego ejecutándose. Cierra los juegos e inténtalo de nuevo.",
    "waitForGameToExit.title": "%1 SE ESTÁ EJECUTANDO",
    "waitForGameToExit.body": "No puedes salir del cliente de Riot si hay un juego ejecutándose. Cierra %1 e inténtalo de nuevo.",
    "waitForGamesToExit.okay": "Aceptar",
    "waitForGamesToExit.exitOnGameClose": "¿Quieres salir cuando se hayan cerrado todos los juegos?",
    "lifecycle.invalidLaunchTitle": "Ejecución no válida",
    "lifecycle.invalidLaunch": "No podemos ejecutar el juego de esta forma. Ejecuta el juego de forma directa.",
    "lifecycle.directLaunchDisabledTitle": "No se puede ejecutar el juego de forma directa.",
    "lifecycle.directLaunchDisabled": "Imposible ejecutar el juego de forma directa. Por favor ejecuta el juego a través del cliente adecuado.",
    "systemTray.title": "Riot Games",
    "systemTray.allGames": "Todos los juegos",
    "systemTray.installGame": "Instalar %1",
    "systemTray.restartForUpdates": "Reinicia para recibir actualizaciones",
    "systemTray.show": "Mostrar",
    "systemTray.showLogs": "Mostrar registros",
    "systemTray.settings": "Ajustes",
    "systemTray.swagger": "Swagger",
    "systemTray.signOut": "Cerrar sesión",
    "systemTray.signIn": "Iniciar sesión",
    "systemTray.exit": "Salir",
    "uninstallError.couldNotFindProduct.header": "NO SE ENCONTRÓ EL PRODUCTO",
    "uninstallError.couldNotFindProduct.body": "No se pudo desinstalar porque no se encontró el producto. Si sigues teniendo este problema, visita <link>, donde podrán ayudarte a resolver tu problema.",
    "uninstallError.couldNotUninstall.header": "NO SE PUDO DESINSTALAR",
    "uninstallError.couldNotUninstall.body": "Ocurrió algo inesperado y no se pudo desinstalar de forma correcta. Visita <link>, donde podrán ayudarte con su magia a resolver tu problema.",
    "uninstallError.productIsRunning.header": "EL PRODUCTO SE ESTÁ EJECUTANDO",
    "uninstallError.productIsRunning.body": "No se pudo desinstalar porque el producto sigue ejecutándose. Cierra el producto e inténtalo de nuevo.",
    "uninstallError.RiotClientIsRunning.header": "EL CLIENTE DE RIOT SE ESTÁ EJECUTANDO",
    "uninstallError.RiotClientIsRunning.body": "No se pudo desinstalar porque el cliente de Riot sigue ejecutándose. Cierra el cliente de Riot e inténtalo de nuevo.",
    "uninstall_intro.uninstall": "DESINSTALAR",
    "repairPermissions.error.header": "NO SE COMPLETÓ LA REPARACIÓN",
    "repairPermissions.error.body": "No fue posible reparar los permisos de las carpetas. Es posible que tengas que ejecutarlo con el argumento --repair-permissions desde una cuenta de administrador. Si sigues teniendo este problema, visita <link>, donde podrán ayudarte a resolver tu problema.",
    "backgroundRunningModal.title": "El cliente de Riot sigue ejecutándose",
    "backgroundRunningModal.description": "El cliente de Riot se seguirá ejecutando en la bandeja del sistema para que puedas abrir los juegos con mayor rapidez. \n\nPuedes cambiar esto en Configuración en cualquier momento.",
    "uninstallError.productStillRemain.header": "No se pudo desinstalar el cliente de Riot.",
    "uninstallError.productStillRemain.body": "Para desinstalar el cliente de Riot, primero debes desinstalar todos los juegos de Riot Games que estén instalados en tu equipo."
}
