{
    "title.riotClient": "Riot-kliens",
    "title.riotClientInstaller": "A Riot-kliens telepítője",
    "title.riotClientProductInstaller": "%1-telepítő",
    "progress.installing": "TELEPÍTÉS",
    "progress.uninstalling": "ELTÁVOLÍTÁS",
    "progress.preparing": "ELŐKÉSZÍTÉS",
    "progress.repairing": "JAVÍTÁS",
    "progress.updating": "FRISSÍTÉS",
    "progress.cleaning_up": "ELRENDEZÉS",
    "progress.copying_files": "Fájlok másolása...",
    "progress.eta": "%02d:%02d",
    "progress.eta_long": "Több mint 1 nap",
    "progress.hours_abbr": "Ó",
    "progress.minutes_abbr": "P",
    "progress.seconds_abbr": "MP",
    "install_intro.advanced_options": "SPECIÁLIS BEÁLLÍTÁSOK",
    "install_intro.browse_install_folder": "Válaszd ki a telepítés helyét",
    "install_intro.install": "Telepítés",
    "install_intro.install_path": "TELEPÍTÉSI ÚTVONAL",
    "error.clickForLog": "Ide kattintva tekintheted meg a naplót.",
    "error.exit": "Kilépés",
    "error.ok": "OK",
    "error.restart": "Újra",
    "finished.finish": "Kész",
    "finished.uninstall.title": "AZ ELTÁVOLÍTÁS SIKERÜLT",
    "finished.uninstall.text": "A játék sikeresen el lett távolítva.",
    "selfUpdateError.contactSupportLinkText": "fordulj a játékostámogatás ezermestereihez",
    "selfUpdateError.contactSupportLinkPublicUrl": "https://support.riotgames.com/hc/hu/requests/new",
    "selfUpdateError.driveFull.header": "ÚGY TŰNIK, HOGY A MEGHAJTÓ MEGTELT",
    "selfUpdateError.driveFull.body": "Nincs elég szabad lemezterület a művelet befejezéséhez.",
    "selfUpdateError.repair.header": "JAVÍTÁS SZÜKSÉGES",
    "selfUpdateError.repair.body": "A telepített fájlok egy része sérült vagy hiányzik, ezért javításra van szükség. Néha egy újraindítás is megoldja a problémát. Ha a probléma az újraindítás után sem szűnik meg, <link>, és megpróbáljuk veled közösen megoldani a problémát.",
    "selfUpdateError.noInternet.header": "NINCS INTERNETKAPCSOLAT",
    "selfUpdateError.noInternet.body": "Nem sikerült csatlakozni az internethez és beszerezni a játékhoz szükséges frissítést. Kérjük, ellenőrizd az internetbeállításokat, és próbálkozz újra.",
    "selfUpdateError.couldNotUpdate.header": "A FRISSÍTÉS NEM SIKERÜLT",
    "selfUpdateError.couldNotUpdate.body": "Valamilyen probléma merült fel a frissítés során, és a javítás sem segített. Kérjük, <link>, hogy segíteni tudjanak a probléma megoldásában.",
    "selfUpdateError.declinedUAC.header": "SIKERTELEN TELEPÍTÉS",
    "selfUpdateError.declinedUAC.body": "Amikor az alkalmazás engedélyt kér arra, hogy módosításokat hajtson végre az eszközön, kattints az „Igen” lehetőségre. Ha a probléma továbbra is fennáll, ellenőrizd a rendszerbeállításokat, vagy <link>.",
    "selfUpdateError.updateServerDown.header": "A FRISSÍTÉSI SZERVER NEM ÉRHETŐ EL",
    "selfUpdateError.updateServerDown.body": "Hmmm, úgy tűnik, hogy a szervereink jelenleg nem érhetők el, ezért nem sikerült letölteni a játékok indításához szükséges frissítéseket. Elnézést kérünk a fennakadásért, és igyekszünk a lehető leghamarabb elhárítani a problémát. Próbálkozz újra később.",
    "selfUpdateError.unableToAccess.header": "EGY FOLYAMAT MÁR FUT",
    "selfUpdateError.unableToAccess.body": "A telepítés nem sikerült, mert a Riot-kliens egy folyamata már fut. Zárd be a Riot-kliens összes futó folyamatát, majd próbálkozz újra.",
    "selfUpdateError.genericFailure.header": "SIKERTELEN TELEPÍTÉS",
    "selfUpdateError.genericFailure.body": "Hiba történt a telepítés közben. Próbálkozz újra, és ha a probléma nem szűnik meg, indítsd újra a számítógépet, vagy <link>.",
    "selfUpdateError.spaceAvailable": "ELÉRHETŐ HELY: %1",
    "shortcut.name": "Riot-kliens",
    "waitForGamesToExit.title": "NÉHÁNY JÁTÉK FUT",
    "waitForGamesToExit.body": "Nem léphetsz ki a Riot-kliensből, amíg egy játék fut. Kérjük, zárd be a játékokat, és próbálkozz újra.",
    "waitForGameToExit.title": "JÁTÉK FOLYAMATBAN – %1",
    "waitForGameToExit.body": "Nem léphetsz ki a Riot-kliensből, amíg egy játék fut. Kérjük, zárd be a %1 alkalmazást, majd próbálkozz újra.",
    "waitForGamesToExit.okay": "Rendben",
    "waitForGamesToExit.exitOnGameClose": "Kilépsz az összes játék bezárása után?",
    "lifecycle.invalidLaunchTitle": "Érvénytelen indítás",
    "lifecycle.invalidLaunch": "Így nem lehet elindítani a játékot. Kérjük, közvetlenül indítsd el a játékot.",
    "lifecycle.directLaunchDisabledTitle": "A játék nem indítható el közvetlenül",
    "lifecycle.directLaunchDisabled": "A játékot nem lehet közvetlenül elindítani. Kérjük, hogy a megfelelő indítón keresztül indítsd el a játékot.",
    "systemTray.title": "Riot Games",
    "systemTray.allGames": "Minden játék",
    "systemTray.installGame": "%1 telepítése",
    "systemTray.restartForUpdates": "Újraindítás a frissítések telepítéséhez",
    "systemTray.show": "Megjelenítés",
    "systemTray.showLogs": "Naplók megjelenítése",
    "systemTray.settings": "Beállítások",
    "systemTray.swagger": "Swagger",
    "systemTray.signOut": "Kijelentkezés",
    "systemTray.signIn": "Bejelentkezés",
    "systemTray.exit": "Kilépés",
    "uninstallError.couldNotFindProduct.header": "A TERMÉK NEM TALÁLHATÓ",
    "uninstallError.couldNotFindProduct.body": "Az eltávolítás nem sikerült, mert a termék nem található. Ha továbbra is találkozol ezzel a problémával, kérjük, <link>, akik segíthetnek a probléma megoldásában.",
    "uninstallError.couldNotUninstall.header": "AZ ELTÁVOLÍTÁS NEM SIKERÜLT",
    "uninstallError.couldNotUninstall.body": "Valami szokatlan történt, és az eltávolítás meghiúsult. Kérjük, <link>, akik segíthetnek a probléma megoldásában.",
    "uninstallError.productIsRunning.header": "A TERMÉK FUT",
    "uninstallError.productIsRunning.body": "Az eltávolítás nem sikerült, mert a termék még mindig fut. Kérjük, zárd be a terméket, és próbálkozz újra.",
    "uninstallError.RiotClientIsRunning.header": "A RIOT-KLIENS FUT",
    "uninstallError.RiotClientIsRunning.body": "Az eltávolítás nem sikerült, mert a Riot-kliens még mindig fut. Zárd be a Riot-klienst, majd próbálkozz újra.",
    "uninstall_intro.uninstall": "ELTÁVOLÍTÁS",
    "repairPermissions.error.header": "A JAVÍTÁS NEM SIKERÜLT",
    "repairPermissions.error.body": "Nem sikerült helyreállítanunk a mappaengedélyeket. A --repair-permissions parancs használatára lehet szükség, rendszergazdai jogosultságokkal. Ha továbbra is találkozol ezzel a problémával, kérjük, <link>, akik segíthetnek a probléma megoldásában.",
    "backgroundRunningModal.title": "A Riot-kliens még mindig fut",
    "backgroundRunningModal.description": "A Riot-kliens továbbra is fut a tálcán, hogy gyorsabban elindíthasd a játékokat. \n\nEzt bármikor módosíthatod a beállítások között.",
    "uninstallError.productStillRemain.header": "Nem lehet eltávolítani a Riot-klienst",
    "uninstallError.productStillRemain.body": "A Riot-kliens eltávolítása előtt el kell távolítanod minden olyan Riot Games-játékot, amely a gépeden telepítve van."
}
