{
    "title.riotClient": "Riot Client",
    "title.riotClientInstaller": "Riot Client Installer",
    "title.riotClientProductInstaller": "%1 Installer",
    "progress.installing": "MENGINSTAL",
    "progress.uninstalling": "MENGHAPUS INSTALASI",
    "progress.preparing": "MEMPERSIAPKAN",
    "progress.repairing": "MEMPERBAIKI",
    "progress.updating": "MEMPERBARUI",
    "progress.cleaning_up": "MERAPIKAN",
    "progress.copying_files": "Menyalin File …",
    "progress.eta": "%02d:%02h",
    "progress.eta_long": "Lebih dari 1 hari",
    "progress.hours_abbr": "JAM",
    "progress.minutes_abbr": "MNT",
    "progress.seconds_abbr": "DTK",
    "install_intro.advanced_options": "OPSI LANJUTAN",
    "install_intro.browse_install_folder": "Pilih lokasi instal",
    "install_intro.install": "Instal",
    "install_intro.install_path": "JALUR INSTAL",
    "error.clickForLog": "Klik untuk melihat log.",
    "error.exit": "Keluar",
    "error.ok": "OK",
    "error.restart": "Coba lagi",
    "finished.finish": "Selesai",
    "finished.uninstall.title": "HAPUS INSTALASI BERHASIL",
    "finished.uninstall.text": "Game ini sudah berhasil dihapus instalasinya.",
    "selfUpdateError.contactSupportLinkText": "hubungi player support kami",
    "selfUpdateError.contactSupportLinkPublicUrl": "https://support.riotgames.com/hc/en-us/requests/new",
    "selfUpdateError.driveFull.header": "DRIVE PENUH",
    "selfUpdateError.driveFull.body": "Ruang disk tidak cukup untuk menyelesaikan tindakan ini.",
    "selfUpdateError.repair.header": "PERLU PERBAIKAN",
    "selfUpdateError.repair.body": "Beberapa file dalam instalasi ini rusak atau hilang dan kami harus memperbaikinya. Kadang restart bisa menyelesaikan masalah. Jika kamu tetap mengalami masalah setelah restart, silakan <link> agar kami bisa membantumu memperbaikinya.",
    "selfUpdateError.noInternet.header": "INTERNET TIDAK DITEMUKAN",
    "selfUpdateError.noInternet.body": "Kami tidak bisa terhubung ke internet untuk mendapatkan pembaruan yang dibutuhkan untuk menjalankan game. Periksa pengaturan internetmu dan coba lagi.",
    "selfUpdateError.couldNotUpdate.header": "TIDAK DAPAT DIPERBARUI",
    "selfUpdateError.couldNotUpdate.body": "Terjadi masalah pada pembaruan, bahkan setelah perbaikan. Silakan <link> yang bisa membantumu untuk memperbaiki ini.",
    "selfUpdateError.declinedUAC.header": "TIDAK DAPAT MENGINSTAL",
    "selfUpdateError.declinedUAC.body": "Untuk mengizinkan aplikasi ini melakukan perubahan pada perangkatmu, klik ya saat diminta. Jika masalah ini terus berlanjut, periksa pengaturan sistem atau <link>.",
    "selfUpdateError.updateServerDown.header": "SERVER PEMBARUAN DOWN",
    "selfUpdateError.updateServerDown.body": "Hmmm, server kami sepertinya sedang down dan kami tidak bisa mendapatkan pembaruan yang dibutuhkan untuk menjalankan game. Kami meminta maaf dan mencoba menyelesaikan masalah ini secepat mungkin. Mohon coba lagi nanti.",
    "selfUpdateError.unableToAccess.header": "PROSES SUDAH BERJALAN",
    "selfUpdateError.unableToAccess.body": "Kami tidak berhasil menginstal saat Proses Riot Client sudah berjalan. Silakan tutup semua proses Riot Client dan coba lagi.",
    "selfUpdateError.genericFailure.header": "TIDAK DAPAT MENGINSTAL",
    "selfUpdateError.genericFailure.body": "Terjadi masalah selama proses instalasi. Mohon coba lagi, dan jika kesalahan terus terjadi, restart komputermu atau <link>.",
    "selfUpdateError.spaceAvailable": "RUANG TERSEDIA: %1",
    "shortcut.name": "Riot Client",
    "waitForGamesToExit.title": "GAME SEDANG BERJALAN",
    "waitForGamesToExit.body": "Kamu tidak bisa keluar dari Riot Client selagi game sedang berjalan. Tutup game dan coba lagi.",
    "waitForGameToExit.title": "%1 SEDANG BERJALAN",
    "waitForGameToExit.body": "Kamu tidak bisa keluar dari Riot Client selagi game sedang berjalan. Tutup %1 dan coba lagi.",
    "waitForGamesToExit.okay": "Oke",
    "waitForGamesToExit.exitOnGameClose": "Keluar ketika semua game sudah ditutup?",
    "lifecycle.invalidLaunchTitle": "Peluncuran tidak valid",
    "lifecycle.invalidLaunch": "Kami tidak bisa meluncurkan game dengan cara ini. Harap luncurkan game secara langsung.",
    "lifecycle.directLaunchDisabledTitle": "Tidak bisa meluncurkan game secara langsung",
    "lifecycle.directLaunchDisabled": "Kami tidak bisa meluncurkan game secara langsung. Harap mulai game melalui launcher yang sesuai.",
    "systemTray.title": "Riot Games",
    "systemTray.allGames": "Semua Game",
    "systemTray.installGame": "Instal %1",
    "systemTray.restartForUpdates": "Restart untuk Melihat Pembaruan",
    "systemTray.show": "Tampilkan",
    "systemTray.showLogs": "Tampilkan Log",
    "systemTray.settings": "Pengaturan",
    "systemTray.swagger": "Swagger",
    "systemTray.signOut": "Sign Out",
    "systemTray.signIn": "Sign In",
    "systemTray.exit": "Keluar",
    "uninstallError.couldNotFindProduct.header": "TIDAK DAPAT MENEMUKAN PRODUK",
    "uninstallError.couldNotFindProduct.body": "Kami tidak bisa menghapus instalasi karena produk tidak ditemukan. Jika kamu terus mengalami masalah ini, silakan <link> yang bisa membantumu untuk memperbaiki ini.",
    "uninstallError.couldNotUninstall.header": "TIDAK DAPAT MENGHAPUS INSTALASI",
    "uninstallError.couldNotUninstall.body": "Sesuatu yang tidak biasa telah terjadi dan kami tidak berhasil menghapus instalasi. Silakan <link> yang bisa membantumu untuk memperbaiki ini.",
    "uninstallError.productIsRunning.header": "PRODUK SEDANG BERJALAN",
    "uninstallError.productIsRunning.body": "Kami tidak bisa menghapus instalasi karena produk masih berjalan. Tutup produk dan coba lagi.",
    "uninstallError.RiotClientIsRunning.header": "RIOT CLIENT SEDANG BERJALAN",
    "uninstallError.RiotClientIsRunning.body": "Kami tidak bisa menghapus instalan karena Riot Client masih berjalan. Tutup Riot Client, lalu coba lagi.",
    "uninstall_intro.uninstall": "HAPUS INSTALASI",
    "repairPermissions.error.header": "PERBAIKAN GAGAL",
    "repairPermissions.error.body": "Kami tidak bisa memperbaiki izin folder. Kamu mungkin perlu menjalankannya dengan izin perbaikan menggunakan akun Administrator. Jika kamu terus mengalami masalah ini, silakan <link> yang bisa membantumu untuk memperbaiki ini.",
    "backgroundRunningModal.title": "Riot Client Masih Berjalan",
    "backgroundRunningModal.description": "Riot Client akan terus berjalan di tray sistem agar kamu bisa meluncurkan game lebih cepat. \n\nKamu bisa mengubah ini di Pengaturan kapan saja.",
    "uninstallError.productStillRemain.header": "Tidak bisa menghapus instalasi Riot Client",
    "uninstallError.productStillRemain.body": "Sebelum menghapus instalasi Riot Client, kamu harus menghapus instalasi semua Riot Games yang terinstal di komputermu terlebih dahulu."
}
