{
    "title.riotClient": "Riotクライアント",
    "title.riotClientInstaller": "Riotクライアントインストーラー",
    "title.riotClientProductInstaller": "%1インストーラー",
    "progress.installing": "インストール中",
    "progress.uninstalling": "アンインストール中",
    "progress.preparing": "準備中",
    "progress.repairing": "修復中",
    "progress.updating": "アップデート中",
    "progress.cleaning_up": "不要なファイルを削除中",
    "progress.copying_files": "ファイルをコピー中…",
    "progress.eta": "%02d:%02d",
    "progress.eta_long": "1日以上",
    "progress.hours_abbr": "時間",
    "progress.minutes_abbr": "分",
    "progress.seconds_abbr": "秒",
    "install_intro.advanced_options": "高度な設定",
    "install_intro.browse_install_folder": "インストール先を選択してください",
    "install_intro.install": "インストール",
    "install_intro.install_path": "インストールパス",
    "error.clickForLog": "クリックしてログを表示",
    "error.exit": "終了",
    "error.ok": "OK",
    "error.restart": "リトライ",
    "finished.finish": "完了",
    "finished.uninstall.title": "アンインストール完了",
    "finished.uninstall.text": "ゲームが正常にアンインストールされました。",
    "selfUpdateError.contactSupportLinkText": "プレイヤーサポートにお問い合わせ",
    "selfUpdateError.contactSupportLinkPublicUrl": "https://support.riotgames.com/hc/ja/requests/new",
    "selfUpdateError.driveFull.header": "ドライブの空き容量が足りません",
    "selfUpdateError.driveFull.body": "空き容量が不足しているため、このアクションを完了できません。",
    "selfUpdateError.repair.header": "修復が必要です",
    "selfUpdateError.repair.body": "インストールファイルの一部が破損している、または失われているため、修復が必要です。再起動によって問題が解決する可能性があります。再起動後も問題が解決しない場合は、<link>いただければ、修復のお手伝いをさせていただきます。",
    "selfUpdateError.noInternet.header": "インターネット接続が見つかりません",
    "selfUpdateError.noInternet.body": "インターネットに接続できなかったため、ゲームのプレイに必要なアップデートを取得できませんでした。インターネットの設定を確認してから再度お試しください。",
    "selfUpdateError.couldNotUpdate.header": "アップデートを実行できません",
    "selfUpdateError.couldNotUpdate.body": "問題が発生しました。修復後もアップデートを行えませんでした。<link>ください。問題の解決のお手伝いをさせていただきます。",
    "selfUpdateError.declinedUAC.header": "インストールできません",
    "selfUpdateError.declinedUAC.body": "本アプリによるデバイスへの変更を許可するために、メッセージが表示されたら「はい」をクリックしてください。この問題が解消されない場合は、システム設定を確認するかサポートにお問い合わせください: <link>",
    "selfUpdateError.updateServerDown.header": "アップデートサーバーは停止中です",
    "selfUpdateError.updateServerDown.body": "サーバーが一時的に利用できなくなっているため、ゲームの起動に必要なアップデートを取得できませんでした。申し訳ありません。できる限り早く問題が解消するよう取り組んでいますので、時間をおいて再度お試しください。",
    "selfUpdateError.unableToAccess.header": "プロセスがすでに実行中です",
    "selfUpdateError.unableToAccess.body": "Riotクライアントのプロセスが実行中のため、インストールを完了できませんでした。Riotクライアントのプロセスをすべて終了してから再度お試しください。",
    "selfUpdateError.genericFailure.header": "インストールできません",
    "selfUpdateError.genericFailure.body": "インストール時に問題が発生しました。再度お試しください。エラーが解消しない場合はコンピューターを再起動するか、プレイヤーサポートにお問い合わせください:<link>",
    "selfUpdateError.spaceAvailable": "空き容量: %1",
    "shortcut.name": "Riotクライアント",
    "waitForGamesToExit.title": "ゲームが実行中です",
    "waitForGamesToExit.body": "ゲームの実行中はRiotクライアントを終了できません。ゲームを終了してから再度お試しください。",
    "waitForGameToExit.title": "%1が実行中です",
    "waitForGameToExit.body": "ゲームの実行中はRiotクライアントを終了できません。%1を終了してから再度お試しください。",
    "waitForGamesToExit.okay": "OK",
    "waitForGamesToExit.exitOnGameClose": "すべてのゲームが終了したときにクライアントを終了しますか？",
    "lifecycle.invalidLaunchTitle": "無効な起動方法",
    "lifecycle.invalidLaunch": "この方法ではゲームを起動できません。直接ゲームを起動してください。",
    "lifecycle.directLaunchDisabledTitle": "ゲームの直接起動はできません",
    "lifecycle.directLaunchDisabled": "ゲームを直接起動することはできません。正しいランチャーから起動してください。",
    "systemTray.title": "ライアットゲームズ",
    "systemTray.allGames": "すべてのゲーム",
    "systemTray.installGame": "%1をインストール",
    "systemTray.restartForUpdates": "再起動してアップデート",
    "systemTray.show": "表示",
    "systemTray.showLogs": "ログを表示",
    "systemTray.settings": "設定",
    "systemTray.swagger": "スワッガー",
    "systemTray.signOut": "サインアウト",
    "systemTray.signIn": "サインイン",
    "systemTray.exit": "終了",
    "uninstallError.couldNotFindProduct.header": "製品が見つかりません",
    "uninstallError.couldNotFindProduct.body": "製品が見つからないため、アンインストールを実行できませんでした。この問題が続く場合は、<link>いただければ、問題の解決のお手伝いをさせていただきます。",
    "uninstallError.couldNotUninstall.header": "アンインストールできません",
    "uninstallError.couldNotUninstall.body": "問題が発生したため、アンインストールを完了できませんでした。<link>いただければ、問題の解決のお手伝いをさせていただきます。",
    "uninstallError.productIsRunning.header": "製品が実行中",
    "uninstallError.productIsRunning.body": "製品が実行中のため、アンインストールを実行できません。終了後に再度お試しください。",
    "uninstallError.RiotClientIsRunning.header": "Riotクライアントが実行中",
    "uninstallError.RiotClientIsRunning.body": "Riotクライアントが実行中のため、アンインストールを実行できません。Riotクライアントを終了してから再度お試しください。",
    "uninstall_intro.uninstall": "アンインストール",
    "repairPermissions.error.header": "修復失敗",
    "repairPermissions.error.body": "フォルダへのアクセス権を修復できませんでした。管理者アカウントでの修復が必要な場合もあります。それでも問題が解消されない場合は、<link>いただければ、問題解決のお手伝いをさせていただきます。",
    "backgroundRunningModal.title": "Riotクライアントが稼働中",
    "backgroundRunningModal.description": "Riotクライアントがシステムトレイで稼働した状態になるので、ゲームを素早く起動することができます。\n\nこのオプションはいつでも設定から変更可能です。",
    "uninstallError.productStillRemain.header": "Riotクライアントをアンインストールできません",
    "uninstallError.productStillRemain.body": "Riotクライアントをアンインストールする前に、お使いのPCにインストールされているライアットのゲームをすべてアンインストールする必要があります。"
}
