{
    "title.riotClient": "Klien Riot",
    "title.riotClientInstaller": "Pemasang Klien Riot",
    "title.riotClientProductInstaller": "Pemasang %1",
    "progress.installing": "MEMASANG",
    "progress.uninstalling": "MENYAHPASANG",
    "progress.preparing": "BERSIAP SEDIA",
    "progress.repairing": "MEMBAIKI",
    "progress.updating": "MENGEMAS KINI",
    "progress.cleaning_up": "MENGEMAS",
    "progress.copying_files": "Menyalin Fail...",
    "progress.eta": "%02d:%02d",
    "progress.eta_long": "Lebih daripada 1 hari",
    "progress.hours_abbr": "JAM",
    "progress.minutes_abbr": "MIN",
    "progress.seconds_abbr": "S",
    "install_intro.advanced_options": "PILIHAN LANJUTAN",
    "install_intro.browse_install_folder": "Pilih lokasi pemasangan",
    "install_intro.install": "Pasang",
    "install_intro.install_path": "LALUAN PEMASANGAN",
    "error.clickForLog": "Tekan untuk melihat log.",
    "error.exit": "Keluar",
    "error.ok": "OK",
    "error.restart": "Cuba Semula",
    "finished.finish": "Selesai",
    "finished.uninstall.title": "NYAHPASANG BERJAYA",
    "finished.uninstall.text": "Permainan telah berjaya dinyahpasang.",
    "selfUpdateError.contactSupportLinkText": "hubungi pasukan sokongan pemain kami",
    "selfUpdateError.contactSupportLinkPublicUrl": "https://support.riotgames.com/hc/en-us/requests/new",
    "selfUpdateError.driveFull.header": "CAKERA KELIHATAN PENUH",
    "selfUpdateError.driveFull.body": "Ruangan pada cakera tidak mencukupi untuk menyelesaikan tindakan ini.",
    "selfUpdateError.repair.header": "PERLU DIBAIKI",
    "selfUpdateError.repair.body": "Beberapa fail dalam pemasangan ini rosak atau hilang dan kami perlu memperbaik fail tersebut. Kadangkala memulakan semula dapat mengatasi masalah ini. Jika anda kekal mengalami masalah ini selepas memulakan semula, sila <link> dan kami akan bekerjasama dengan anda untuk menyelesaikan masalah ini.",
    "selfUpdateError.noInternet.header": "TIADA INTERNET DITEMUKAN",
    "selfUpdateError.noInternet.body": "Kami tidak dapat menyambung kepada Internet untuk mendapatkan kemas kini yang diperlukan bagi bermain permainan. Sila semak tetapan Internet anda dan cuba lagi.",
    "selfUpdateError.couldNotUpdate.header": "TIDAK DAPAT MENGEMAS KINI",
    "selfUpdateError.couldNotUpdate.body": "Sesuatu yang tidak kena telah berlaku dengan kemas kini ini, walaupun selepas pembaikan. Sila <link> supaya mereka boleh menggunakan kemahiran mereka bagi mencari penyelesaian untuk anda.",
    "selfUpdateError.declinedUAC.header": "TIDAK DAPAT MEMASANG",
    "selfUpdateError.declinedUAC.body": "Untuk membenarkan aplikasi ini membuat perubahan pada peranti anda, klik ya apabila diminta. Jika masalah ini berlanjutan, sila semak tetapan sistem anda atau <link>.",
    "selfUpdateError.updateServerDown.header": "KEMAS KINI PELAYAN TIDAK BERFUNGSI",
    "selfUpdateError.updateServerDown.body": "Hmmm, pelayan kami nampaknya tidak berfungsi buat masa ini dan kami tidak dapat membuat kemas kini yang diperlukan untuk melancarkan permainan. Kami memohon maaf dan sedang cuba menyelesaikan masalah ini secepat mungkin. Sila cuba lagi kemudian.",
    "selfUpdateError.unableToAccess.header": "PROSES SUDAH BERJALAN",
    "selfUpdateError.unableToAccess.body": "Kami tidak berjaya memasang semasa Proses Klien Riot sudah berjalan. Sila tutup semua proses Klien Riot dan cuba lagi.",
    "selfUpdateError.genericFailure.header": "TIDAK DAPAT MEMASANG",
    "selfUpdateError.genericFailure.body": "Sesuatu yang tidak kena telah berlaku semasa pemasangan. Sila cuba lagi, dan jika ralat berlanjutan, mulakan semula komputer anda atau <link>.",
    "selfUpdateError.spaceAvailable": "RUANGAN TERSEDIA: %1",
    "shortcut.name": "Klien Riot",
    "waitForGamesToExit.title": "PERMAINAN SEDANG BERJALAN",
    "waitForGamesToExit.body": "Anda tidak boleh keluar dari Klien Riot ketika permainan masih berjalan. Sila tutup permainan anda dan cuba lagi.",
    "waitForGameToExit.title": "%1 SEDANG BERJALAN",
    "waitForGameToExit.body": "Anda tidak boleh keluar dari Klien Riot ketika permainan masih berjalan. Sila tutup %1 dan cuba lagi.",
    "waitForGamesToExit.okay": "Okey",
    "waitForGamesToExit.exitOnGameClose": "Keluar apabila semua permainan telah ditutup?",
    "lifecycle.invalidLaunchTitle": "Pelancaran tidak sah",
    "lifecycle.invalidLaunch": "Kami tidak dapat melancarkan permainan menerusi cara ini. Sila lancarkan permainan secara langsung.",
    "lifecycle.directLaunchDisabledTitle": "Tidak dapat melancarkan permainan secara langsung",
    "lifecycle.directLaunchDisabled": "Kami tidak dapat melancarkan permainan secara langsung. Sila mulakan permainan menerusi pelancar yang sesuai.",
    "systemTray.title": "Riot Games",
    "systemTray.allGames": "Semua Permainan",
    "systemTray.installGame": "Pasang %1",
    "systemTray.restartForUpdates": "Mula Semula untuk Kemas Kini",
    "systemTray.show": "Tunjukkan",
    "systemTray.showLogs": "Tunjukkan Log",
    "systemTray.settings": "Tetapan",
    "systemTray.swagger": "Swagger",
    "systemTray.signOut": "Daftar Keluar",
    "systemTray.signIn": "Daftar Masuk",
    "systemTray.exit": "Keluar",
    "uninstallError.couldNotFindProduct.header": "TIDAK MENEMUKAN PRODUK",
    "uninstallError.couldNotFindProduct.body": "Kami tidak dapat menyahpasang kerana produk tidak ditemukan. Jika anda terus mengalami masalah ini, sila <link> yang boleh menggunakan kemahiran mereka untuk menyelesaikan masalah ini.",
    "uninstallError.couldNotUninstall.header": "TIDAK DAPAT MENYAHPASANG",
    "uninstallError.couldNotUninstall.body": "Sesuatu yang tidak biasa telah berlaku dan kami tidak berjaya menyahpasang. Sila <link> yang boleh menggunakan kemahiran mereka untuk menyelesaikan masalah ini.",
    "uninstallError.productIsRunning.header": "PRODUK SEDANG BERJALAN",
    "uninstallError.productIsRunning.body": "Kami tidak dapat menyahpasang kerana produk masih berjalan. Sila tutup produk dan cuba lagi.",
    "uninstallError.RiotClientIsRunning.header": "KLIEN RIOT SEDANG BERJALAN",
    "uninstallError.RiotClientIsRunning.body": "Kami tidak dapat menyahpasang kerana Klien Riot masih berjalan. Sila tutup Klien Riot dan cuba lagi.",
    "uninstall_intro.uninstall": "NYAHPASANG",
    "repairPermissions.error.header": "PEMBAIKAN GAGAL",
    "repairPermissions.error.body": "Kami tidak dapat membaiki kebenaran folder. Anda mungkin perlu menjalankan permainan dengan kebenaran pembaikan menggunakan akaun Pentadbir. Jika anda terus mengalami masalah ini, sila <link> yang boleh menggunakan kemahiran mereka untuk menyelesaikan masalah ini.",
    "backgroundRunningModal.title": "Klien Riot Masih Berjalan",
    "backgroundRunningModal.description": "Klien Riot akan terus berjalan dalam tray sistem anda supaya anda boleh melancarkan permainan dengan lebih pantas. \n\nAnda boleh menukar fungsi ini dalam Tetapan pada bila-bila masa.",
    "uninstallError.productStillRemain.header": "Tidak dapat menyahpasang Klien Riot",
    "uninstallError.productStillRemain.body": "Sebelum menyahpasang Klien Riot, anda perlu menyahpasang mana-mana permainan Riot yang dipasang pada mesin anda terlebih dahulu."
}
