{
    "title.riotClient": "Cliente Riot",
    "title.riotClientInstaller": "Instalador do Cliente Riot",
    "title.riotClientProductInstaller": "Instalador de %1",
    "progress.installing": "INSTALANDO",
    "progress.uninstalling": "DESINSTALANDO",
    "progress.preparing": "PREPARANDO",
    "progress.repairing": "REPARANDO",
    "progress.updating": "ATUALIZANDO",
    "progress.cleaning_up": "ARRUMANDO AS COISAS",
    "progress.copying_files": "Copiando arquivos...",
    "progress.eta": "%02d:%02d",
    "progress.eta_long": "Mais que 1 dia",
    "progress.hours_abbr": "H",
    "progress.minutes_abbr": "MIN",
    "progress.seconds_abbr": "S",
    "install_intro.advanced_options": "OPÇÕES AVANÇADAS",
    "install_intro.browse_install_folder": "Selecione o local de instalação",
    "install_intro.install": "Instalar",
    "install_intro.install_path": "LOCAL DE INSTALAÇÃO",
    "error.clickForLog": "Clique para ver o registro.",
    "error.exit": "Sair",
    "error.ok": "OK",
    "error.restart": "Tentar novamente",
    "finished.finish": "Pronto",
    "finished.uninstall.title": "DESINSTALAÇÃO CONCLUÍDA",
    "finished.uninstall.text": "O jogo foi desinstalado com sucesso.",
    "selfUpdateError.contactSupportLinkText": "contato com nossa equipe de suporte ao jogador",
    "selfUpdateError.contactSupportLinkPublicUrl": "https://support.riotgames.com/hc/pt-br/requests/new",
    "selfUpdateError.driveFull.header": "ESPAÇO EM DISCO INSUFICIENTE",
    "selfUpdateError.driveFull.body": "Espaço em disco insuficiente para concluir a ação.",
    "selfUpdateError.repair.header": "REPARO NECESSÁRIO",
    "selfUpdateError.repair.body": "Alguns arquivos na instalação precisam ser corrigidos porque estão corrompidos ou não existem. Reiniciar pode resolver esse problema. Se continuar encontrando esse problema mesmo depois de reiniciar, entre em <link>, que vai ajudar você a resolver isso.",
    "selfUpdateError.noInternet.header": "SEM CONEXÃO COM A INTERNET",
    "selfUpdateError.noInternet.body": "Não foi possível estabelecer conexão com a internet para baixar a atualização necessária para jogar. Verifique as configurações de internet e tente novamente.",
    "selfUpdateError.couldNotUpdate.header": "NÃO FOI POSSÍVEL ATUALIZAR",
    "selfUpdateError.couldNotUpdate.body": "Algo deu errado na atualização, mesmo depois de concluir os reparos. Entre em <link>, que ajudará você a resolvê-lo.",
    "selfUpdateError.declinedUAC.header": "NÃO FOI POSSÍVEL INSTALAR",
    "selfUpdateError.declinedUAC.body": "Para permitir que esse aplicativo faça alterações no seu dispositivo, clique em sim. Se o problema continuar, verifique as configurações do sistema ou entre em <link>.",
    "selfUpdateError.updateServerDown.header": "SERVIDOR DE ATUALIZAÇÃO INDISPONÍVEL",
    "selfUpdateError.updateServerDown.body": "Hmmm, parece que os nossos servidores estão fora do ar no momento, então não foi possível baixar a atualização necessária para iniciar os jogos. Pedimos desculpas e tentaremos resolver o problema o quanto antes. Tente novamente mais tarde.",
    "selfUpdateError.unableToAccess.header": "PROCESSO EM EXECUÇÃO",
    "selfUpdateError.unableToAccess.body": "Não foi possível concluir a instalação porque um processo do Cliente Riot já está sendo executado. Feche todos os processos do Cliente Riot e tente novamente.",
    "selfUpdateError.genericFailure.header": "NÃO FOI POSSÍVEL INSTALAR",
    "selfUpdateError.genericFailure.body": "Algo deu errado durante a instalação. Tente novamente. Se o erro persistir, reinicie seu computador ou entre em <link>.",
    "selfUpdateError.spaceAvailable": "ESPAÇO DISPONÍVEL: %1",
    "shortcut.name": "Cliente Riot",
    "waitForGamesToExit.title": "JOGOS EM EXECUÇÃO",
    "waitForGamesToExit.body": "Não é possível encerrar o Cliente Riot enquanto um jogo está sendo executado. Feche seus jogos e tente novamente.",
    "waitForGameToExit.title": "%1 EM EXECUÇÃO",
    "waitForGameToExit.body": "Não é possível encerrar o Cliente Riot enquanto um jogo está sendo executado. Encerre %1 e tente novamente.",
    "waitForGamesToExit.okay": "OK",
    "waitForGamesToExit.exitOnGameClose": "Sair quando todos os jogos forem fechados?",
    "lifecycle.invalidLaunchTitle": "Inicializador inválido",
    "lifecycle.invalidLaunch": "Não é possível iniciar o jogo desta forma. Inicie o jogo diretamente.",
    "lifecycle.directLaunchDisabledTitle": "Não foi possível iniciar o jogo diretamente.",
    "lifecycle.directLaunchDisabled": "Não é possível iniciar o jogo diretamente. Inicie o jogo através do inicializador apropriado.",
    "systemTray.title": "Riot Games",
    "systemTray.allGames": "Todos os jogos",
    "systemTray.installGame": "Instalar %1",
    "systemTray.restartForUpdates": "Reinicie para implementar as atualizações",
    "systemTray.show": "Exibir",
    "systemTray.showLogs": "Exibir registros",
    "systemTray.settings": "Configurações",
    "systemTray.swagger": "Swagger",
    "systemTray.signOut": "Fazer logout",
    "systemTray.signIn": "Fazer login",
    "systemTray.exit": "Sair",
    "uninstallError.couldNotFindProduct.header": "PRODUTO NÃO ENCONTRADO",
    "uninstallError.couldNotFindProduct.body": "O produto não foi encontrado e não foi possível desinstalá-lo. Se continuar enfrentando esse problema, entre em <link>, que ajudará você a resolvê-lo.",
    "uninstallError.couldNotUninstall.header": "NÃO FOI POSSÍVEL DESINSTALAR",
    "uninstallError.couldNotUninstall.body": "Algo inesperado aconteceu e não foi possível concluir a desinstalação. Entre em <link> para resolver isso.",
    "uninstallError.productIsRunning.header": "PRODUTO EM EXECUÇÃO",
    "uninstallError.productIsRunning.body": "O produto ainda está em execução e não foi possível desinstalá-lo. Encerre o produto e tente novamente.",
    "uninstallError.RiotClientIsRunning.header": "CLIENTE RIOT EM EXECUÇÃO",
    "uninstallError.RiotClientIsRunning.body": "Não foi possível concluir a desinstalação porque o Cliente Riot ainda está em execução. Feche o Cliente Riot e tente novamente.",
    "uninstall_intro.uninstall": "DESINSTALAR",
    "repairPermissions.error.header": "FALHA NO REPARO",
    "repairPermissions.error.body": "Não foi possível reparar as permissões de pasta. Pode ser necessário executar as permissões de --reparo-- como Administrador. Se continuar enfrentando esse problema, entre em <link>, que ajudará você a resolvê-lo.",
    "backgroundRunningModal.title": "Cliente Riot ainda está em execução.",
    "backgroundRunningModal.description": "O Cliente Riot continuará em execução na bandeja do sistema para que os jogos sejam iniciados mais rapidamente. \n\nVocê pode alterar isso nas Configurações quando quiser.",
    "uninstallError.productStillRemain.header": "Não foi possível desinstalar o Cliente Riot",
    "uninstallError.productStillRemain.body": "Antes de desinstalar o Cliente Riot, é necessário desinstalar todos os jogos da Riot do sistema."
}
