{
    "title.riotClient": "ไคลเอนต์ Riot",
    "title.riotClientInstaller": "ตัวติดตั้งไคลเอนต์ Riot",
    "title.riotClientProductInstaller": "%1 ตัวติดตั้ง",
    "progress.installing": "กำลังติดตั้ง",
    "progress.uninstalling": "กำลังถอนการติดตั้ง",
    "progress.preparing": "กำลังจัดเตรียม",
    "progress.repairing": "กำลังซ่อมแซม",
    "progress.updating": "กำลังอัปเดต",
    "progress.cleaning_up": "กำลังจัดไฟล์",
    "progress.copying_files": "กำลังคัดลอกไฟล์...",
    "progress.eta": "%02d:%02d",
    "progress.eta_long": "มากกว่า 1 วัน",
    "progress.hours_abbr": "ชม.",
    "progress.minutes_abbr": "น.",
    "progress.seconds_abbr": "วิ",
    "install_intro.advanced_options": "ตัวเลือกขั้นสูง",
    "install_intro.browse_install_folder": "เลือกตำแหน่งการติดตั้ง",
    "install_intro.install": "ติดตั้ง",
    "install_intro.install_path": "ตำแหน่งติดตั้งแพตช์",
    "error.clickForLog": "คลิกเพื่อดู Log",
    "error.exit": "ออก",
    "error.ok": "โอเค",
    "error.restart": "ลองใหม่อีกครั้ง",
    "finished.finish": "เสร็จสิ้น",
    "finished.uninstall.title": "ถอนการติดตั้งเสร็จสิ้น",
    "finished.uninstall.text": "เกมได้ถูกถอนการติดตั้งเสร็จสิ้นแล้ว",
    "selfUpdateError.contactSupportLinkText": "ติดต่อผู้เชี่ยวชาญในศูนย์ช่วยเหลือผู้เล่นของเรา",
    "selfUpdateError.contactSupportLinkPublicUrl": "https://support.riotgames.com/hc/th-th/requests/new",
    "selfUpdateError.driveFull.header": "ดูเหมือนว่าไดรฟ์จะไม่มีพื้นที่ว่าง",
    "selfUpdateError.driveFull.body": "มีพื้นที่ไม่เพียงพอสำหรับการทำคำสั่งนี้ให้สำเร็จ",
    "selfUpdateError.repair.header": "จำเป็นต้องซ่อมแซม",
    "selfUpdateError.repair.body": "ไฟล์บางอันในการติดตั้งนี้ได้รับความเสียหายหรือหายไป เราจำเป็นต้องซ่อมแซมมัน บางครั้ง การรีสตาร์ทก็ช่วยแก้ไขปัญหาได้ หากคุณพบปัญหาบ่อยครั้งหลังจากรีสตาร์ท กรุณาติดต่อ <link> ของเราแล้วเราจะช่วยกันแก้ปัญหาของคุณให้",
    "selfUpdateError.noInternet.header": "ไม่พบอินเทอร์เน็ต",
    "selfUpdateError.noInternet.body": "เราไม่สามารถทำการเชื่อมต่อกับอินเทอร์เน็ตเพื่อรับการอัปเดตที่จำเป็นต่อการเล่นเกมได้ โปรดตรวจสอบการตั้งค่าอินเตอร์เน็ตของคุณแล้วลองอีกครั้ง",
    "selfUpdateError.couldNotUpdate.header": "ไม่สามารถอัปเดตได้",
    "selfUpdateError.couldNotUpdate.body": "มีบางอย่างผิดปกติเกิดขึ้นในส่วนของการอัปเดต แม้จะทำการซ่อมแซมแล้ว โปรดกดลิงก์ติดต่อ <link> เพื่อให้เขาได้ลงมือช่วยเหลือซ่อมแซมปัญหานี้",
    "selfUpdateError.declinedUAC.header": "ไม่สามารถทำการติดตั้ง",
    "selfUpdateError.declinedUAC.body": "กรุณายินยอมให้แอปนี้สามารถเปลี่ยนแปลงข้อมูลในอุปกรณ์ของคุณโดยการคลิก ใช่ เมื่อมีหน้าต่างขึ้นมา หากปัญหายังไม่ได้รับการแก้ไข กรุณาตรวจสอบการตั้งค่าระบบของคุณ หรือคลิกลิงก์ <link>",
    "selfUpdateError.updateServerDown.header": "เซิร์ฟเวอร์อัปเดตไม่สามารถใช้งานได้",
    "selfUpdateError.updateServerDown.body": "หืมม ดูเหมือนเซิร์ฟเวอร์ของเราไม่สามารถใช้งานได้ในขณะนี้และเราไม่สามารถนำอัปเดตที่ต้องใช้ในการเปิดเกมมาได้ เราขออภัยและกำลังพยายามแก้ไขปัญหานี้อย่างเร็วที่สุดเท่าที่จะเป็นไปได้ กรุณาลองใหม่ในภายหลัง",
    "selfUpdateError.unableToAccess.header": "Process กำลังดำเนินการอยู่",
    "selfUpdateError.unableToAccess.body": "เราไม่สามารถทำการติดตั้งแบบสมบูรณ์ได้ในระหว่างที่ Riot Client Process กำลังดำเนินการอยู่ โปรดปิด Riot Client Process ทั้งหมดและลองใหม่อีกครั้ง",
    "selfUpdateError.genericFailure.header": "ไม่สามารถทำการติดตั้ง",
    "selfUpdateError.genericFailure.body": "เกิดข้อผิดพลาดบางอย่างในระหว่างการติดตั้ง โปรดลองใหม่อีกครั้ง และถ้าหากยังเกิดข้อผิดพลาดอยู่ให้รีสตาร์ทคอมพิวเตอร์ของคุณหรือติดต่อ <link>",
    "selfUpdateError.spaceAvailable": "พื้นที่ว่าง: %1",
    "shortcut.name": "ไคลเอนต์ Riot",
    "waitForGamesToExit.title": "เกมกำลังดำเนินการอยู่",
    "waitForGamesToExit.body": "คุณไม่สามารถออกจาก Riot Client ในระหว่างที่เกมกำลังดำเนินการอยู่ได้ โปรดปิดเกมของคุณและลองใหม่อีกครั้ง",
    "waitForGameToExit.title": "%1 กำลังดำเนินการอยู่",
    "waitForGameToExit.body": "คุณไม่สามารถออกจาก Riot Client ในระหว่างที่เกมกำลังดำเนินการอยู่ได้ โปรดปิด %1 และลองใหม่อีกครั้ง",
    "waitForGamesToExit.okay": "โอเค",
    "waitForGamesToExit.exitOnGameClose": "ออกเมื่อเกมทุกอย่างถูกปิดหรือไม่?",
    "lifecycle.invalidLaunchTitle": "การเปิดตัวเกมไม่ถูกต้อง",
    "lifecycle.invalidLaunch": "เราไม่สามารถเปิดเกมด้วยวิธีนี้ได้ โปรดเปิดตัวเกมโดยตรง",
    "lifecycle.directLaunchDisabledTitle": "ไม่สามารถเปิดตัวเกมได้โดยตรง",
    "lifecycle.directLaunchDisabled": "เราไม่สามารถเปิดตัวเกมได้โดยตรง โปรดเริ่มเกมผ่าน Launcher ที่เหมาะสม",
    "systemTray.title": "Riot Games",
    "systemTray.allGames": "เกมทั้งหมด",
    "systemTray.installGame": "ติดตั้ง %1",
    "systemTray.restartForUpdates": "รีสตาร์ทเพื่อทำการอัปเดต",
    "systemTray.show": "แสดง",
    "systemTray.showLogs": "แสดง Log",
    "systemTray.settings": "การตั้งค่า",
    "systemTray.swagger": "Swagger",
    "systemTray.signOut": "ออกจากระบบ",
    "systemTray.signIn": "ลงชื่อเข้าใช้",
    "systemTray.exit": "ออก",
    "uninstallError.couldNotFindProduct.header": "ไม่พบตัวไฟล์",
    "uninstallError.couldNotFindProduct.body": "เราไม่สามารถถอนการติดตั้งได้เพราะเราหาตัวไฟล์ไม่เจอ หากคุณยังพบกับปัญหานี้ต่อไป โปรดติดต่อ <link> ให้เขาได้ลงมือช่วยเหลือซ่อมแซมปัญหานี้",
    "uninstallError.couldNotUninstall.header": "ไม่สามารถถอนการติดตั้งได้",
    "uninstallError.couldNotUninstall.body": "บางอย่างผิดปกติเกิดขึ้นและเราไม่สามารถถอนการติดตั้งให้เสร็จสมบูรณ์ได้ โปรดกดลิงก์ติดต่อ <link> ให้เขาได้ลงมือช่วยเหลือซ่อมแซมปัญหานี้",
    "uninstallError.productIsRunning.header": "ตัวเกมกำลังทำงานอยู่",
    "uninstallError.productIsRunning.body": "เราไม่สามารถถอนการติดตั้งได้เพราะตัวเกมยังคงทำงานอยู่ โปรดปิดตัวเกมและลองใหม่อีกครั้ง",
    "uninstallError.RiotClientIsRunning.header": "ไคลเอนต์ Riot กำลังทำงานอยู่",
    "uninstallError.RiotClientIsRunning.body": "เราไม่สามารถถอนการติดตั้งได้เพราะไคลเอนต์ Riot กำลังทำงานอยู่ โปรดปิดไคลเอนต์ Riot และลองใหม่อีกครั้ง",
    "uninstall_intro.uninstall": "ถอนการติดตั้ง",
    "repairPermissions.error.header": "ซ่อมแซมล้มเหลว",
    "repairPermissions.error.body": "เราไม่สามารถซ่อมแซมไฟล์ในโฟลเดอร์ที่ไม่ได้รับอนุญาต คุณอาจจำเป็นต้องใช้งาน --การอนุญาตซ่อมแซมโดยใช้บัญชีผู้ดูแลระบบ หากคุณยังพบกับปัญหานี้ต่อไป โปรดติดต่อ <link> ให้เขาได้ลงมือช่วยเหลือซ่อมแซมปัญหานี้",
    "backgroundRunningModal.title": "ไคลเอนต์ Riot กำลังทำงานอยู่",
    "backgroundRunningModal.description": "ไคลเอนต์ Riot จะยังคงทำงานอยู่ในแถบระบบ เพื่อที่คุณจะเริ่มเกมได้รวดเร็วยิ่งขึ้น \n\nคุณสามารถเปลี่ยนแปลงสิ่งนี้ในการตั้งค่าของคุณได้ตลอดเวลา",
    "uninstallError.productStillRemain.header": "ไม่สามารถถอนการติดตั้งไคลเอนต์ Riot ได้",
    "uninstallError.productStillRemain.body": "ก่อนถอนการติดตั้งไคลเอนต์ Riot คุณจำเป็นจะต้องถอนการติดตั้งเกมของ Riot ที่ติดตั้งบนอุปกรณ์ของคุณทั้งหมดก่อน"
}
