{
    "title.riotClient": "Riot İstemcisi",
    "title.riotClientInstaller": "Riot İstemcisi Yükleyicisi",
    "title.riotClientProductInstaller": "%1 Yükleyicisi",
    "progress.installing": "KURULUYOR",
    "progress.uninstalling": "KALDIRILIYOR",
    "progress.preparing": "HAZIRLANIYOR",
    "progress.repairing": "ONARILIYOR",
    "progress.updating": "GÜNCELLENİYOR",
    "progress.cleaning_up": "TEMİZLENİYOR",
    "progress.copying_files": "Dosyalar kopyalanıyor...",
    "progress.eta": "%02d:%02d",
    "progress.eta_long": "1 günden fazla",
    "progress.hours_abbr": "SA.",
    "progress.minutes_abbr": "DK.",
    "progress.seconds_abbr": "SN.",
    "install_intro.advanced_options": "GELİŞMİŞ SEÇENEKLER",
    "install_intro.browse_install_folder": "Kurulum konumunu seç",
    "install_intro.install": "Kur",
    "install_intro.install_path": "KURULUM KONUMU",
    "error.clickForLog": "Kayıtları görmek için tıkla.",
    "error.exit": "Çıkış",
    "error.ok": "Tamam",
    "error.restart": "Tekrar Dene",
    "finished.finish": "Bitti",
    "finished.uninstall.title": "KALDIRMA BAŞARILI",
    "finished.uninstall.text": "Oyun başarılı şekilde kaldırıldı.",
    "selfUpdateError.contactSupportLinkText": "oyuncu destek uzmanlarımıza ulaş",
    "selfUpdateError.contactSupportLinkPublicUrl": "https://support.riotgames.com/hc/tr/requests/new",
    "selfUpdateError.driveFull.header": "SÜRÜCÜ DOLU GÖRÜNÜYOR",
    "selfUpdateError.driveFull.body": "Bu eylemi tamamlamak için yeterli disk alanı bulunmuyor.",
    "selfUpdateError.repair.header": "ONARIM GEREKLİ",
    "selfUpdateError.repair.body": "Bu kurulumdaki bazı dosyalar bozuldukları veya kayboldukları için onarılmaları gerekiyor. İstemciyi yeniden başlatmak bazen bu sorunu giderebilir. Eğer istemciyi yeniden başlattıktan sonra sorun devam ederse lütfen <link>, sorunu birlikte çözelim.",
    "selfUpdateError.noInternet.header": "İNTERNET BAĞLANTISI BULUNAMADI",
    "selfUpdateError.noInternet.body": "Oyunları oynamak için gerekli bir güncellemeyi almaya çalışırken internete bağlanamadık. Lütfen internet ayarlarını kontrol edip tekrar dene.",
    "selfUpdateError.couldNotUpdate.header": "GÜNCELLEME YAPILAMADI",
    "selfUpdateError.couldNotUpdate.body": "Güncelleme sırasında bir hata oluştu ve bu hata onarımdan sonra bile giderilemedi. Lütfen destek almak için <link>.",
    "selfUpdateError.declinedUAC.header": "KURULUM GERÇEKLEŞTİRİLEMİYOR",
    "selfUpdateError.declinedUAC.body": "Bu uygulamanın cihazında değişiklik yapmasına izin vermek için, sorulduğunda evet düğmesine tıkla. Bu sorun devam ederse lütfen sistem ayarlarını kontrol et veya <link>.",
    "selfUpdateError.updateServerDown.header": "GÜNCELLEME SUNUCUSU KAPALI",
    "selfUpdateError.updateServerDown.body": "Görünüşe bakılırsa sunucularımız şu anda kapalı ve oyunları açmak için gereken bir güncellemeyi alamıyoruz. Bu konuda senden özür diliyoruz. Sorunu en kısa zamanda çözmeye çalışacağız. Lütfen daha sonra tekrar dene.",
    "selfUpdateError.unableToAccess.header": "ÇALIŞAN İŞLEM VAR",
    "selfUpdateError.unableToAccess.body": "Zaten bir Riot İstemcisi işlemi çalıştığı için kurulum başarılı olmadı. Lütfen tüm Riot İstemcisi işlemlerini kapatıp tekrar dene.",
    "selfUpdateError.genericFailure.header": "KURULUM GERÇEKLEŞTİRİLEMİYOR",
    "selfUpdateError.genericFailure.body": "Kurulum sırasında ters giden bir şeyler oldu. Lütfen tekrar dene. Sorun devam ederse bilgisayarını yeniden başlat veya <link>.",
    "selfUpdateError.spaceAvailable": "MEVCUT ALAN: %1",
    "shortcut.name": "Riot İstemcisi",
    "waitForGamesToExit.title": "ÇALIŞAN OYUNLAR VAR",
    "waitForGamesToExit.body": "Bir oyun çalışırken Riot İstemcisi'nden çıkamazsın. Lütfen oyunları kapatıp tekrar dene.",
    "waitForGameToExit.title": "%1 ÇALIŞIYOR",
    "waitForGameToExit.body": "Bir oyun çalışırken Riot İstemcisi'nden çıkamazsın. Lütfen %1 adlı oyunu kapatıp tekrar dene.",
    "waitForGamesToExit.okay": "Tamam",
    "waitForGamesToExit.exitOnGameClose": "Tüm oyunlar kapandığı zaman çıkılsın mı?",
    "lifecycle.invalidLaunchTitle": "Geçersiz başlatma",
    "lifecycle.invalidLaunch": "Oyunu bu şekilde başlatamıyoruz. Lütfen oyunu doğrudan başlat.",
    "lifecycle.directLaunchDisabledTitle": "Oyun doğrudan başlatılamıyor.",
    "lifecycle.directLaunchDisabled": "Oyunu doğrudan başlatamıyoruz. Lütfen doğru başlatıcıyı kullan.",
    "systemTray.title": "Riot Games",
    "systemTray.allGames": "Tüm Oyunlar",
    "systemTray.installGame": "Kurulum %1",
    "systemTray.restartForUpdates": "Güncellemek için Yeniden Başlat",
    "systemTray.show": "Göster",
    "systemTray.showLogs": "Kayıtları Göster",
    "systemTray.settings": "Ayarlar",
    "systemTray.swagger": "Swagger",
    "systemTray.signOut": "Oturumu Kapat",
    "systemTray.signIn": "Oturum Aç",
    "systemTray.exit": "Çıkış",
    "uninstallError.couldNotFindProduct.header": "ÜRÜN BULUNAMADI",
    "uninstallError.couldNotFindProduct.body": "Ürün bulunamadığından kaldırma işlemini tamamlayamadık. Eğer bu sorunu yaşamaya devam edersen lütfen sana yardımcı olabilecek <link>.",
    "uninstallError.couldNotUninstall.header": "KALDIRILAMADI",
    "uninstallError.couldNotUninstall.body": "Beklenmedik bir durum oluştu ve kaldırma işlemini tamamlayamadık. Sorunun giderilmesi için lütfen sana yardımcı olabilecek <link>.",
    "uninstallError.productIsRunning.header": "ÜRÜN ÇALIŞIYOR",
    "uninstallError.productIsRunning.body": "Ürün hâlâ açık olduğu için kaldırma işlemini gerçekleştiremedik. Lütfen ürünü kapat ve tekrar dene.",
    "uninstallError.RiotClientIsRunning.header": "RIOT İSTEMCİSİ ÇALIŞIYOR",
    "uninstallError.RiotClientIsRunning.body": "Riot İstemcisi hâlâ açık olduğu için kaldırma işlemini gerçekleştiremedik. Lütfen tüm Riot İstemcisi'ni kapatıp yeniden dene.",
    "uninstall_intro.uninstall": "KALDIR",
    "repairPermissions.error.header": "ONARIM BAŞARISIZ",
    "repairPermissions.error.body": "Klasör izinlerini onarmayı başaramadık. Yönetici hesabı kullanman ve onarım izinleri vermen gerekebilir. Eğer bu sorunu yaşamaya devam edersen lütfen sana yardımcı olabilecek <link>.",
    "backgroundRunningModal.title": "Riot İstemcisi Hâlâ Çalışıyor",
    "backgroundRunningModal.description": "Riot İstemcisi sistem tepsisinde çalışmaya devam edecek. Böylece oyunların daha hızlı başlatılacak. \n\nTercihini dilediğin zaman Ayarlar'dan değiştirebilirsin.",
    "uninstallError.productStillRemain.header": "Riot İstemcisi Kaldırılamadı",
    "uninstallError.productStillRemain.body": "Riot İstemcisi'ni kaldırmadan önce bilgisayarında kurulu olan tüm Riot oyunlarını kaldırman gerekir."
}
