{
    "title.riotClient": "Client Riot",
    "title.riotClientInstaller": "Trình Cài Đặt Client Riot",
    "title.riotClientProductInstaller": "Trình Cài Đặt %1",
    "progress.installing": "ĐANG CÀI ĐẶT",
    "progress.uninstalling": "ĐANG GỠ CÀI ĐẶT",
    "progress.preparing": "ĐANG CHUẨN BỊ",
    "progress.repairing": "ĐANG SỬA CHỮA",
    "progress.updating": "ĐANG CẬP NHẬT",
    "progress.cleaning_up": "ĐANG DỌN DẸP",
    "progress.copying_files": "Đang sao chép tập tin…",
    "progress.eta": "%02d:%02 ngày",
    "progress.eta_long": "Hơn 1 ngày",
    "progress.hours_abbr": "GIỜ",
    "progress.minutes_abbr": "PHÚT",
    "progress.seconds_abbr": "GIÂY",
    "install_intro.advanced_options": "TÙY CHỈNH NÂNG CAO",
    "install_intro.browse_install_folder": "Chọn thư mục cài đặt",
    "install_intro.install": "Cài đặt",
    "install_intro.install_path": "THƯ MỤC CÀI ĐẶT",
    "error.clickForLog": "Nhấn để xem bản ghi.",
    "error.exit": "Thoát",
    "error.ok": "OK",
    "error.restart": "Thử Lại",
    "finished.finish": "Hoàn tất",
    "finished.uninstall.title": "GỠ THÀNH CÔNG",
    "finished.uninstall.text": "Trò chơi đã được gỡ bỏ thành công.",
    "selfUpdateError.contactSupportLinkText": "liên hệ với bộ phận chăm sóc khách hàng",
    "selfUpdateError.contactSupportLinkPublicUrl": "https://support.riotgames.com/hc/vi/requests/new",
    "selfUpdateError.driveFull.header": "Ổ ĐĨA ĐÃ ĐẦY",
    "selfUpdateError.driveFull.body": "Không có đủ dung lượng để hoàn tất thao tác này.",
    "selfUpdateError.repair.header": "CẦN SỬA CHỮA",
    "selfUpdateError.repair.body": "Một số tập tin trong cập nhật đã bị mất hoặc hỏng và chúng tôi cần sửa lại. Đôi khi khởi động lại máy tính cũng có thể giải quyết sự cố. Nếu tiếp tục gặp phải sự cố sau khi khởi động lại, vui lòng <link> để được hỗ trợ.",
    "selfUpdateError.noInternet.header": "KHÔNG CÓ KẾT NỐI MẠNG",
    "selfUpdateError.noInternet.body": "Không thể kết nối mạng để tải cập nhật cần thiết cho việc khởi chạy trò chơi. Vui lòng kiểm tra lại thiết lập đường truyền mạng của bạn rồi thử lại.",
    "selfUpdateError.couldNotUpdate.header": "KHÔNG THỂ CẬP NHẬT",
    "selfUpdateError.couldNotUpdate.body": "Đã có lỗi xảy ra với trình cập nhật, dù đã được sửa chữa. Vui lòng <link> để được hỗ trợ.",
    "selfUpdateError.declinedUAC.header": "KHÔNG THỂ CÀI ĐẶT",
    "selfUpdateError.declinedUAC.body": "Cho phép ứng dụng tạo thay đổi trên thiết bị của bạn bằng cách nhấn đồng ý khi hộp thoại thông báo xuất hiện. Nếu vẫn tiếp tục gặp sự cố, vui lòng kiểm tra lại thiết lập hệ thống hoặc <link>.",
    "selfUpdateError.updateServerDown.header": "MÁY CHỦ CẬP NHẬT KHÔNG HOẠT ĐỘNG",
    "selfUpdateError.updateServerDown.body": "Hmmm, có vẻ như máy chủ hiện đang không khả dụng và chúng tôi không thể tải về cập nhật cần thiết cho việc khởi chạy trò chơi. Chúng tôi thành thật xin lỗi và sẽ khắc phục sự cố nhanh nhất có thể. Vui lòng thử lại sau.",
    "selfUpdateError.unableToAccess.header": "TIẾN TRÌNH ĐANG CHẠY",
    "selfUpdateError.unableToAccess.body": "Chúng tôi không thể cài đặt thành công khi một trình Client Riot khác đang chạy. Vui lòng đóng tất cả trình Client Riot và thử lại.",
    "selfUpdateError.genericFailure.header": "KHÔNG THỂ CÀI ĐẶT",
    "selfUpdateError.genericFailure.body": "Đã có lỗi xảy ra trong quá trình cài đặt. Vui lòng thử lại. Nếu vẫn không được, hãy khởi động lại máy tính hoặc <link>.",
    "selfUpdateError.spaceAvailable": "LƯU TRỮ KHẢ DỤNG: %1",
    "shortcut.name": "Client Riot",
    "waitForGamesToExit.title": "TRÒ CHƠI ĐANG CHẠY",
    "waitForGamesToExit.body": "Bạn không thể thoát Client Riot khi trò chơi đang chạy. Vui lòng đóng game và thử lại.",
    "waitForGameToExit.title": "%1 ĐANG CHẠY",
    "waitForGameToExit.body": "Bạn không thể thoát Client Riot khi trò chơi đang chạy. Vui lòng đóng %1 và thử lại.",
    "waitForGamesToExit.okay": "Đồng ý",
    "waitForGamesToExit.exitOnGameClose": "Thoát khi tất cả các trò chơi đã được đóng?",
    "lifecycle.invalidLaunchTitle": "Khởi động không hợp lệ",
    "lifecycle.invalidLaunch": "Chúng tôi không thể khởi động trò chơi theo cách này. Vui lòng khởi động trò chơi trực tiếp.",
    "lifecycle.directLaunchDisabledTitle": "Không thể khởi động trò chơi trực tiếp",
    "lifecycle.directLaunchDisabled": "Không thể khởi động trò chơi trực tiếp. Vui lòng dùng trình khởi chạy thích hợp để khởi động trò chơi.",
    "systemTray.title": "Riot Games",
    "systemTray.allGames": "Tất cả trò chơi",
    "systemTray.installGame": "Cài Đặt %1",
    "systemTray.restartForUpdates": "Khởi Động Lại Để Cập Nhật",
    "systemTray.show": "Hiện",
    "systemTray.showLogs": "Hiện Bản Ghi",
    "systemTray.settings": "Cài Đặt",
    "systemTray.swagger": "Swagger",
    "systemTray.signOut": "Đăng Xuất",
    "systemTray.signIn": "Đăng Nhập",
    "systemTray.exit": "Thoát",
    "uninstallError.couldNotFindProduct.header": "KHÔNG TÌM THẤY TRÒ CHƠI",
    "uninstallError.couldNotFindProduct.body": "Không thể gỡ vì không tìm thấy trò chơi. Nếu vẫn tiếp tục gặp phải vấn đề này, vui lòng <link> để được hỗ trợ.",
    "uninstallError.couldNotUninstall.header": "KHÔNG THỂ GỠ CÀI ĐẶT",
    "uninstallError.couldNotUninstall.body": "Đã xảy ra sự cố bất thường khiến chúng tôi không thể hoàn tất gỡ cài đặt. Vui lòng <link> để được hỗ trợ.",
    "uninstallError.productIsRunning.header": "TRÒ CHƠI ĐANG CHẠY",
    "uninstallError.productIsRunning.body": "Không thể gỡ vì trò chơi vẫn đang chạy. Vui lòng đóng trò chơi và thử lại.",
    "uninstallError.RiotClientIsRunning.header": "CLIENT RIOT ĐANG CHẠY",
    "uninstallError.RiotClientIsRunning.body": "Không thể gỡ vì Riot Client vẫn đang chạy. Vui lòng đóng Riot Client và thử lại.",
    "uninstall_intro.uninstall": "GỠ CÀI ĐẶT",
    "repairPermissions.error.header": "SỬA CHỮA THẤT BẠI",
    "repairPermissions.error.body": "Chúng tôi không thể sửa đổi quyền truy cập thư mục. Có thể bạn cần chạy với --repair-permissions bằng tài khoản Quản trị viên. Nếu vẫn tiếp tục gặp phải vấn đề này, vui lòng <link> để được hỗ trợ.",
    "backgroundRunningModal.title": "Client Riot Vẫn Đang Chạy",
    "backgroundRunningModal.description": "Client Riot sẽ tiếp tục chạy trên thanh hệ thống nhằm giúp bạn có thể khởi động trò chơi nhanh hơn. \n\nBạn có thể thay đổi tùy chọn này trong phần cài đặt bất cứ lúc nào.",
    "uninstallError.productStillRemain.header": "Không thể gỡ cài đặt Client Riot",
    "uninstallError.productStillRemain.body": "Trước khi gỡ cài đặt Client Riot, bạn sẽ phải gỡ bỏ tất cả các trò chơi của Riot đang được cài đặt trên máy của bạn trước."
}
