{
    "title.riotClient": "Riot客户端",
    "title.riotClientInstaller": "Riot客户端安装程序",
    "title.riotClientProductInstaller": "%1安装程序",
    "progress.installing": "正在安装",
    "progress.uninstalling": "正在卸载",
    "progress.preparing": "正在准备",
    "progress.repairing": "正在修复",
    "progress.updating": "正在更新",
    "progress.cleaning_up": "正在清理",
    "progress.copying_files": "正在复制文件……",
    "progress.eta": "%02d:%02d",
    "progress.eta_long": "超过1天",
    "progress.hours_abbr": "人力资源",
    "progress.minutes_abbr": "分钟",
    "progress.seconds_abbr": "秒",
    "install_intro.advanced_options": "进阶选项",
    "install_intro.browse_install_folder": "选择安装位置",
    "install_intro.install": "安装",
    "install_intro.install_path": "安装路径",
    "error.clickForLog": "点击查看日志。",
    "error.exit": "退出",
    "error.ok": "确定",
    "error.restart": "重试",
    "finished.finish": "完成",
    "finished.uninstall.title": "卸载成功",
    "finished.uninstall.text": "游戏已成功卸载。",
    "selfUpdateError.contactSupportLinkText": "联系我们的玩家支持法师",
    "selfUpdateError.contactSupportLinkPublicUrl": "https://support.riotgames.com/hc/en-us/requests/new",
    "selfUpdateError.driveFull.header": "硬盘空间不足",
    "selfUpdateError.driveFull.body": "磁盘空间不足，无法完成此操作。",
    "selfUpdateError.repair.header": "需要修复",
    "selfUpdateError.repair.body": "此安装中的某些文件发生了损坏或丢失，我们需要进行修复。某些情况下，重启可以解决该问题。若在重启后仍然遇到问题，请<link>，让我们协助你解决问题。",
    "selfUpdateError.noInternet.header": "未找到网络连接",
    "selfUpdateError.noInternet.body": "我们无法连接到网络，因而无法获取开始游戏所需的更新。请检查你的网络设置，然后重试。",
    "selfUpdateError.couldNotUpdate.header": "无法更新",
    "selfUpdateError.couldNotUpdate.body": "更新出现问题，即使经过修复，异常仍然存在。请<link>，他们可以用魔法帮你解决问题哦！",
    "selfUpdateError.declinedUAC.header": "无法安装",
    "selfUpdateError.declinedUAC.body": "在出现提示时点击“是”，允许此应用对你的设备进行更改。若此问题继续存在，请检查你的系统设置或<link>。",
    "selfUpdateError.updateServerDown.header": "更新服务器不可用",
    "selfUpdateError.updateServerDown.body": "唔……服务器当前似乎有些问题，我们没能获取启动游戏所需的更新。非常抱歉，我们正在努力解决这一问题。请稍后再试。",
    "selfUpdateError.unableToAccess.header": "进程已在运行",
    "selfUpdateError.unableToAccess.body": "Riot客户端进程正在运行，我们无法成功安装。请关闭所有Riot客户端进程，然后重试。",
    "selfUpdateError.genericFailure.header": "无法安装",
    "selfUpdateError.genericFailure.body": "安装过程中发生了错误。请稍后再试，如果错误仍然存在，请重新启动你的电脑，或<link>。",
    "selfUpdateError.spaceAvailable": "可用空间：%1",
    "shortcut.name": "Riot客户端",
    "waitForGamesToExit.title": "游戏正在运行",
    "waitForGamesToExit.body": "游戏运行中，无法退出Riot客户端。请关闭您的游戏后重试。",
    "waitForGameToExit.title": "%1正在运行",
    "waitForGameToExit.body": "游戏运行中，无法退出Riot客户端。请关闭%1，然后重试。",
    "waitForGamesToExit.okay": "确定",
    "waitForGamesToExit.exitOnGameClose": "所有游戏关闭后退出？",
    "lifecycle.invalidLaunchTitle": "启动无效",
    "lifecycle.invalidLaunch": "我们无法通过此方式启动游戏。请直接启动游戏。",
    "lifecycle.directLaunchDisabledTitle": "未能直接启动游戏",
    "lifecycle.directLaunchDisabled": "我们无法直接启动游戏。请使用对应的启动器启动游戏。",
    "systemTray.title": "Riot游戏",
    "systemTray.allGames": "所有游戏",
    "systemTray.installGame": "安装 %1",
    "systemTray.restartForUpdates": "重启开始更新",
    "systemTray.show": "显示",
    "systemTray.showLogs": "显示日志",
    "systemTray.settings": "设置",
    "systemTray.swagger": "帅气",
    "systemTray.signOut": "登出",
    "systemTray.signIn": "登入",
    "systemTray.exit": "退出",
    "uninstallError.couldNotFindProduct.header": "未找到产品",
    "uninstallError.couldNotFindProduct.body": "无法找到产品，我们未能进行卸载。如果这种现象持续发生，请<link>，他们可以用魔法帮你解决问题哦！",
    "uninstallError.couldNotUninstall.header": "无法卸载",
    "uninstallError.couldNotUninstall.body": "发生了异常情况，我们无法成功卸载。请<link>，他们可以用魔法帮你解决问题哦！",
    "uninstallError.productIsRunning.header": "产品正在运行",
    "uninstallError.productIsRunning.body": "产品仍在运行，我们未能进行卸载。请关闭产品后重试。",
    "uninstallError.RiotClientIsRunning.header": "Riot客户端正在运行",
    "uninstallError.RiotClientIsRunning.body": "Riot客户端仍在运行，我们未能进行卸载。请关闭Riot客户端，然后重试。",
    "uninstall_intro.uninstall": "卸载",
    "repairPermissions.error.header": "修复失败",
    "repairPermissions.error.body": "我们未能修复文件权限。你可能需要使用带有--修复-权限的管理员账户运行。如果这种现象持续发生，请<link>，他们可以用魔法帮你解决问题哦！",
    "backgroundRunningModal.title": "Riot客户端仍在运行",
    "backgroundRunningModal.description": "Riot客户端将在您的系统托盘中继续运行，以便更快启动游戏。 \n\n这一功能随时可在设置中进行更改。",
    "uninstallError.productStillRemain.header": "无法卸载Riot客户端",
    "uninstallError.productStillRemain.body": "卸载Riot客户端之前，你需要先卸载您计算机上安装的一切Riot游戏。"
}
