{
    "title.riotClient": "Riot用戶端",
    "title.riotClientInstaller": "Riot用戶端安裝程式",
    "title.riotClientProductInstaller": "%1安裝程式",
    "progress.installing": "安裝中",
    "progress.uninstalling": "正在解除安裝",
    "progress.preparing": "準備中",
    "progress.repairing": "修復中",
    "progress.updating": "更新中",
    "progress.cleaning_up": "整理中",
    "progress.copying_files": "正在複製檔案……",
    "progress.eta": "%02d:%02d",
    "progress.eta_long": "超過1天",
    "progress.hours_abbr": "小時",
    "progress.minutes_abbr": "分鐘",
    "progress.seconds_abbr": "秒",
    "install_intro.advanced_options": "進階選項",
    "install_intro.browse_install_folder": "選擇安裝位置",
    "install_intro.install": "安裝",
    "install_intro.install_path": "安裝路徑",
    "error.clickForLog": "點擊查看遊戲記錄檔。",
    "error.exit": "退出",
    "error.ok": "確定",
    "error.restart": "重試",
    "finished.finish": "完成",
    "finished.uninstall.title": "成功解除安裝",
    "finished.uninstall.text": "遊戲已成功解除安裝。",
    "selfUpdateError.contactSupportLinkText": "聯繫我們的客服小幫手",
    "selfUpdateError.contactSupportLinkPublicUrl": "https://support.riotgames.com/hc/zh-tw/requests/new",
    "selfUpdateError.driveFull.header": "硬碟已滿",
    "selfUpdateError.driveFull.body": "存取空間不足以完成此操作。",
    "selfUpdateError.repair.header": "需要進行修復",
    "selfUpdateError.repair.body": "此安裝程式的某些檔案已毀損或遺失，必須進行修復。重新啟動有時可以解決此問題。若重新啟動後仍遇到此問題，請<link>，讓我們來協助你解決問題。",
    "selfUpdateError.noInternet.header": "偵測不到網路",
    "selfUpdateError.noInternet.body": "我們無法連接至網際網路來取得啟動遊戲所需的更新程序。請檢查你的網路設定並再試一次。",
    "selfUpdateError.couldNotUpdate.header": "無法更新",
    "selfUpdateError.couldNotUpdate.body": "更新時發生了一些錯誤，修復也起不了作用，請<link>請求協助解決此問題。",
    "selfUpdateError.declinedUAC.header": "無法安裝",
    "selfUpdateError.declinedUAC.body": "請在系統彈出通知時點選「是」，允許此程式對你的裝置進行變更。如果這個問題仍未解決，請檢查系統設定或<link>。",
    "selfUpdateError.updateServerDown.header": "更新伺服器關閉",
    "selfUpdateError.updateServerDown.body": "我們的伺服器目前似乎已經關閉，無法取得啟動遊戲所需的更新檔。很抱歉，我們正在盡快解決此問題，請稍候再試。",
    "selfUpdateError.unableToAccess.header": "程序已在運作中",
    "selfUpdateError.unableToAccess.body": "Riot用戶端在運行期間我們無法順利安裝。請關掉所有Riot用戶端程序，然後再試一次。",
    "selfUpdateError.genericFailure.header": "無法安裝",
    "selfUpdateError.genericFailure.body": "在安裝過程中出現了錯誤。請再試一次，如果問題仍未解決，請重開電腦或<link>。",
    "selfUpdateError.spaceAvailable": "可用空間：%1",
    "shortcut.name": "Riot用戶端",
    "waitForGamesToExit.title": "遊戲正在執行中",
    "waitForGamesToExit.body": "遊戲執行期間你將無法退出Riot用戶端。請關閉遊戲，然後再試一次。",
    "waitForGameToExit.title": "%1正在執行中",
    "waitForGameToExit.body": "遊戲執行期間你將無法退出Riot用戶端。請關閉%1，然後再試一次。",
    "waitForGamesToExit.okay": "確定",
    "waitForGamesToExit.exitOnGameClose": "在所有對戰關閉時退出？",
    "lifecycle.invalidLaunchTitle": "啟動無效",
    "lifecycle.invalidLaunch": "無法透過此方式啟動遊戲，請直接開啟遊戲。",
    "lifecycle.directLaunchDisabledTitle": "無法直接啟動遊戲",
    "lifecycle.directLaunchDisabled": "無法直接啟動遊戲，請透過正確的啟動器來開啟遊戲。",
    "systemTray.title": "Riot Games",
    "systemTray.allGames": "所有遊戲",
    "systemTray.installGame": "安裝%1",
    "systemTray.restartForUpdates": "重新啟動以更新",
    "systemTray.show": "顯示",
    "systemTray.showLogs": "顯示記錄檔",
    "systemTray.settings": "設定",
    "systemTray.swagger": "Swagger",
    "systemTray.signOut": "登出",
    "systemTray.signIn": "登入",
    "systemTray.exit": "退出",
    "uninstallError.couldNotFindProduct.header": "找不到該項目",
    "uninstallError.couldNotFindProduct.body": "因為找不到該項目，我們無法解除安裝。如果你持續遇到此問題，請<link>請求協助解決問題。",
    "uninstallError.couldNotUninstall.header": "無法解除安裝",
    "uninstallError.couldNotUninstall.body": "發生異常錯誤，導致我們無法解除安裝。請<link>請求協助解決此問題。",
    "uninstallError.productIsRunning.header": "遊戲仍在執行中",
    "uninstallError.productIsRunning.body": "我們無法解除安裝，因為遊戲仍在執行中。請關閉遊戲後再試一次。",
    "uninstallError.RiotClientIsRunning.header": "Riot用戶端執行中",
    "uninstallError.RiotClientIsRunning.body": "我們無法解除安裝，因為Riot用戶端仍在執行中。請關閉Riot用戶端，然後再試一次。",
    "uninstall_intro.uninstall": "解除安裝",
    "repairPermissions.error.header": "修復失敗",
    "repairPermissions.error.body": "無法修復資料夾權限。請使用管理員帳號執行「--repair-permissions」指令。如果你持續遇到此問題，請<link>請求協助解決問題。",
    "backgroundRunningModal.title": "Riot用戶端仍在執行中",
    "backgroundRunningModal.description": "Riot用戶端將繼續在系統匣執行，以便快速啟動遊戲。 \n\n此選項可隨時在設定更改。",
    "uninstallError.productStillRemain.header": "無法解除安裝Riot用戶端",
    "uninstallError.productStillRemain.body": "必須先解除安裝在裝置上的所有Riot遊戲，才能解除安裝Riot用戶端。"
}
